{"metadata":{"version":4.3,"type":"Object","generator":"Spectacles_Grasshopper_Exporter"},"geometries":[{"uuid":"16167812-7afe-4a66-b9a8-ee1bc0a839ed","type":"Geometry","data":{"vertices":[-1341.61475,3000.0,6365.0542,-1341.61475,0.0,6365.0542,1310.03577,0.0,3713.40356,1310.03577,3000.0,3713.40356,-1267.74683,2563.60474,6291.18604,-1267.74683,63.60476,6291.18604,1277.83765,63.60476,3745.60181,1277.83765,2563.60474,3745.60181],"faces":[0,3,7,6,0,4,7,3,0,2,3,6,0,4,3,0,0,1,2,6,0,5,4,0,0,1,6,5,0,5,0,1],"normals":[],"uvs":[],"scale":1,"visible":true,"castShadow":true,"receiveShadow":false,"doubleSided":true,"colors":["0xE6B43C","0xE6B43C","0xE6B43C","0xE6B43C","0xE6B43C","0xE6B43C","0xE6B43C","0xE6B43C"]}},{"uuid":"d18dfce6-c05b-4ab3-be9e-bb10a7040aea","type":"Geometry","data":{"vertices":[-3922.55444,3000.0,955.68719,-3922.55444,0.0,955.68719,-2614.40698,0.0,2263.83472,-2614.40698,3000.0,2263.83472,-2614.40698,3000.0,2263.83472,-2614.40698,0.0,2263.83472,-4028.62061,0.0,3678.04834,-4028.62061,3000.0,3678.04834,-4028.62061,3000.0,3678.04834,-4028.62061,0.0,3678.04834,-1341.61475,0.0,6365.0542,-1341.61475,3000.0,6365.0542,1310.03577,3000.0,3713.40356,1310.03577,0.0,3713.40356,-2685.11768,0.0,-281.74966,-2685.11768,3000.0,-281.74966,-2685.11768,3000.0,-281.74966,-2685.11768,0.0,-281.74966,-3922.55444,0.0,955.68719,-3922.55444,3000.0,955.68719],"faces":[0,0,1,2,0,0,2,3,0,4,5,6,0,4,6,7,0,8,9,10,0,8,10,11,0,12,13,14,0,12,14,15,0,16,17,18,0,16,18,19],"normals":[],"uvs":[],"scale":1,"visible":true,"castShadow":true,"receiveShadow":false,"doubleSided":true,"colors":["0xE6D796","0xE6D796","0xE6D796","0xE6D796","0xE6D796","0xE6D796","0xE6D796","0xE6D796","0xE6D796","0xE6D796","0xE6D796","0xE6D796","0xE6D796","0xE6D796","0xE6D796","0xE6D796","0xE6D796","0xE6D796","0xE6D796","0xE6D796"]}},{"uuid":"bd2335ba-a88f-4220-ac75-00a736ecbf3f","type":"Geometry","data":{"vertices":[1310.03577,3000.0,3713.40356,-2685.11768,3000.0,-281.74966,-3922.55444,3000.0,955.68719,-2614.40698,3000.0,2263.83472,-4028.62061,3000.0,3678.04834,-1341.61475,3000.0,6365.0542],"faces":[0,4,5,0,0,0,1,2,0,3,4,0,0,0,2,3],"normals":[],"uvs":[],"scale":1,"visible":true,"castShadow":true,"receiveShadow":false,"doubleSided":true,"colors":["0xFF8080","0xFF8080","0xFF8080","0xFF8080","0xFF8080","0xFF8080"]}},{"uuid":"f2e2c42c-c90f-4dc0-a0cb-7aee69f96103","type":"Geometry","data":{"vertices":[-1341.61475,0.0,6365.0542,-4028.62061,0.0,3678.04834,-2614.40698,0.0,2263.83472,-3922.55444,0.0,955.68719,-2685.11768,0.0,-281.74966,1310.03577,0.0,3713.40356],"faces":[0,4,5,0,0,0,1,2,0,2,3,4,0,4,0,2],"normals":[],"uvs":[],"scale":1,"visible":true,"castShadow":true,"receiveShadow":false,"doubleSided":true,"colors":["0xFF8080","0xFF8080","0xFF8080","0xFF8080","0xFF8080","0xFF8080"]}},{"uuid":"b47bc666-36be-4736-8d79-63eaa32f328a","type":"Geometry","data":{"vertices":[-1267.74683,2563.60474,6291.18604,-1267.74683,63.60476,6291.18604,1277.83765,63.60476,3745.60181,1277.83765,2563.60474,3745.60181],"faces":[0,0,1,2,0,0,2,3],"normals":[],"uvs":[],"scale":1,"visible":true,"castShadow":true,"receiveShadow":false,"doubleSided":true,"colors":["0x40B4FF","0x40B4FF","0x40B4FF","0x40B4FF"]}},{"uuid":"376f4526-4d2b-40ca-a668-419540288873","type":"Geometry","data":{"vertices":[0.0,0.0,0.0,0.0,0.0,750.0],"normals":[],"uvs":[],"faces":[],"scale":1,"visible":true,"castShadow":true,"receiveShadow":false}},{"uuid":"69db278a-71f2-4d9b-afc7-20ac3ff2e686","type":"Geometry","data":{"vertices":[-650.0,0.0,0.0,-610.8002,0.0,222.31309],"normals":[],"uvs":[],"faces":[],"scale":1,"visible":true,"castShadow":true,"receiveShadow":false}},{"uuid":"bd20ad77-f5e9-4f8c-b543-2a1234617e18","type":"Geometry","data":{"vertices":[-610.8002,0.0,222.31309,-497.92889,0.0,417.81195],"normals":[],"uvs":[],"faces":[],"scale":1,"visible":true,"castShadow":true,"receiveShadow":false}},{"uuid":"cb8d0627-8830-4b78-8ece-7a74c726ac47","type":"Geometry","data":{"vertices":[-497.92889,0.0,417.81195,-325.0,0.0,562.91651],"normals":[],"uvs":[],"faces":[],"scale":1,"visible":true,"castShadow":true,"receiveShadow":false}},{"uuid":"1ee79050-ca92-43f6-9366-fe1f6a7d2d92","type":"Geometry","data":{"vertices":[-325.0,0.0,562.91651,-112.87132,0.0,640.12504],"normals":[],"uvs":[],"faces":[],"scale":1,"visible":true,"castShadow":true,"receiveShadow":false}},{"uuid":"0943e1ef-2571-4a57-8388-ee66374b2d55","type":"Geometry","data":{"vertices":[-112.87132,0.0,640.12504,112.87132,0.0,640.12504],"normals":[],"uvs":[],"faces":[],"scale":1,"visible":true,"castShadow":true,"receiveShadow":false}},{"uuid":"e85ec94c-1fcb-491d-b9c6-995bc2329fd5","type":"Geometry","data":{"vertices":[112.87132,0.0,640.12504,325.0,0.0,562.91651],"normals":[],"uvs":[],"faces":[],"scale":1,"visible":true,"castShadow":true,"receiveShadow":false}},{"uuid":"2f3dc8ec-995a-4fb5-9379-a1db43e9baad","type":"Geometry","data":{"vertices":[325.0,0.0,562.91651,497.92889,0.0,417.81195],"normals":[],"uvs":[],"faces":[],"scale":1,"visible":true,"castShadow":true,"receiveShadow":false}},{"uuid":"0a0f4868-a61a-4998-bde9-f96f2e6a209c","type":"Geometry","data":{"vertices":[497.92889,0.0,417.81195,610.8002,0.0,222.31309],"normals":[],"uvs":[],"faces":[],"scale":1,"visible":true,"castShadow":true,"receiveShadow":false}},{"uuid":"4599d044-2a68-48e0-a72d-88377995e3ea","type":"Geometry","data":{"vertices":[610.8002,0.0,222.31309,650.0,0.0,0.0],"normals":[],"uvs":[],"faces":[],"scale":1,"visible":true,"castShadow":true,"receiveShadow":false}},{"uuid":"84965aef-1abb-4ae8-b401-80e1117dda7b","type":"Geometry","data":{"vertices":[650.0,0.0,0.0,610.8002,0.0,-222.31309],"normals":[],"uvs":[],"faces":[],"scale":1,"visible":true,"castShadow":true,"receiveShadow":false}},{"uuid":"5abcafd2-b0d9-4c6e-94fe-60495c2d6719","type":"Geometry","data":{"vertices":[610.8002,0.0,-222.31309,497.92889,0.0,-417.81195],"normals":[],"uvs":[],"faces":[],"scale":1,"visible":true,"castShadow":true,"receiveShadow":false}},{"uuid":"a0bf160e-3f14-481f-8f0f-6200b6b41134","type":"Geometry","data":{"vertices":[497.92889,0.0,-417.81195,325.0,0.0,-562.91651],"normals":[],"uvs":[],"faces":[],"scale":1,"visible":true,"castShadow":true,"receiveShadow":false}},{"uuid":"74487799-77a3-4bcb-820f-ee1ae22bce26","type":"Geometry","data":{"vertices":[325.0,0.0,-562.91651,112.87132,0.0,-640.12504],"normals":[],"uvs":[],"faces":[],"scale":1,"visible":true,"castShadow":true,"receiveShadow":false}},{"uuid":"9534ec9c-1586-4b7d-86a1-ec00b8aa6998","type":"Geometry","data":{"vertices":[112.87132,0.0,-640.12504,-112.87132,0.0,-640.12504],"normals":[],"uvs":[],"faces":[],"scale":1,"visible":true,"castShadow":true,"receiveShadow":false}},{"uuid":"51fcd62f-4e0c-4e1a-8f98-4e85e9b888e3","type":"Geometry","data":{"vertices":[-112.87132,0.0,-640.12504,-325.0,0.0,-562.91651],"normals":[],"uvs":[],"faces":[],"scale":1,"visible":true,"castShadow":true,"receiveShadow":false}},{"uuid":"4d37d17e-efeb-4abf-be87-85c2cb350f6d","type":"Geometry","data":{"vertices":[-325.0,0.0,-562.91651,-497.92889,0.0,-417.81195],"normals":[],"uvs":[],"faces":[],"scale":1,"visible":true,"castShadow":true,"receiveShadow":false}},{"uuid":"b13272e2-1aa4-474e-a8b9-8482a414162e","type":"Geometry","data":{"vertices":[-497.92889,0.0,-417.81195,-610.8002,0.0,-222.31309],"normals":[],"uvs":[],"faces":[],"scale":1,"visible":true,"castShadow":true,"receiveShadow":false}},{"uuid":"4203c89a-2792-4709-8a1d-375bc8e43b61","type":"Geometry","data":{"vertices":[-610.8002,0.0,-222.31309,-650.0,0.0,0.0],"normals":[],"uvs":[],"faces":[],"scale":1,"visible":true,"castShadow":true,"receiveShadow":false}},{"uuid":"3acc3d4a-7f99-4bee-b398-ad1da53b5304","type":"Geometry","data":{"vertices":[0.0,0.0,500.0,0.0,0.0,750.0],"normals":[],"uvs":[],"faces":[],"scale":1,"visible":true,"castShadow":true,"receiveShadow":false}},{"uuid":"e48aa3bc-7259-4ed1-b16e-6fdf6669e518","type":"Geometry","data":{"vertices":[-500.0,0.0,0.0,-750.0,0.0,0.0],"normals":[],"uvs":[],"faces":[],"scale":1,"visible":true,"castShadow":true,"receiveShadow":false}},{"uuid":"a53514e1-4581-41cf-acf0-7fe41fbd6fc4","type":"Geometry","data":{"vertices":[0.0,0.0,-500.0,0.0,0.0,-750.0],"normals":[],"uvs":[],"faces":[],"scale":1,"visible":true,"castShadow":true,"receiveShadow":false}},{"uuid":"ba575769-cc8a-4c8b-a1ab-2b7b6832b7fc","type":"Geometry","data":{"vertices":[500.0,0.0,0.0,750.0,0.0,0.0],"normals":[],"uvs":[],"faces":[],"scale":1,"visible":true,"castShadow":true,"receiveShadow":false}}],"materials":[{"uuid":"03da3438-315c-4c3d-89b6-6a9a1918dec0","type":"MeshLambertMaterial","color":"0xFFCB3B","ambient":"0xFFCB3B","emissive":"0x000000","side":2,"opacity":1.0,"transparent":true,"shading":1,"vertexColors":0},{"uuid":"8845505a-f941-41b5-af5b-867b65e48ff8","type":"MeshLambertMaterial","color":"0xFFFFC7","ambient":"0xFFFFC7","emissive":"0x000000","side":2,"opacity":0.4,"transparent":true,"shading":1,"vertexColors":0},{"uuid":"c33e9252-3d52-4ba1-a8b9-d59a89baac86","type":"MeshLambertMaterial","color":"0x2A56F5","ambient":"0x2A56F5","emissive":"0x000000","side":2,"opacity":0.8,"transparent":true,"shading":1,"vertexColors":0},{"uuid":"02f077d3-3ed4-44a9-b884-93ed647caca2","type":"LineBasicMaterial","color":"0x000000","linewidth":1.0,"opacity":1.0}],"object":{"uuid":"2b3a432e-b042-479d-b420-e4b4092c7e0d","type":"Scene","matrix":[1,0,0,0,0,1,0,0,0,0,1,0,0,0,0,1],"children":[{"uuid":"129f7429-cb4a-4929-93bd-f9f1ac913438","name":"mesh0","type":"Mesh","geometry":"16167812-7afe-4a66-b9a8-ee1bc0a839ed","material":"03da3438-315c-4c3d-89b6-6a9a1918dec0","matrix":[1,0,0,0,0,1,0,0,0,0,1,0,0,0,0,1],"userData":{"Material":"Wall","layer":"Wall"}},{"uuid":"67e9d8bb-f345-4b36-abb1-1335ff42433b","name":"mesh1","type":"Mesh","geometry":"d18dfce6-c05b-4ab3-be9e-bb10a7040aea","material":"8845505a-f941-41b5-af5b-867b65e48ff8","matrix":[1,0,0,0,0,1,0,0,0,0,1,0,0,0,0,1],"userData":{"Material":"Wall","layer":"Wall"}},{"uuid":"6a6705b5-e0e5-42fa-98d1-af24eed616ed","name":"mesh2","type":"Mesh","geometry":"bd2335ba-a88f-4220-ac75-00a736ecbf3f","material":"8845505a-f941-41b5-af5b-867b65e48ff8","matrix":[1,0,0,0,0,1,0,0,0,0,1,0,0,0,0,1],"userData":{"Material":"Wall","layer":"Wall"}},{"uuid":"1b14c172-938c-4b20-a7c3-d2b7aa238882","name":"mesh3","type":"Mesh","geometry":"f2e2c42c-c90f-4dc0-a0cb-7aee69f96103","material":"8845505a-f941-41b5-af5b-867b65e48ff8","matrix":[1,0,0,0,0,1,0,0,0,0,1,0,0,0,0,1],"userData":{"Material":"Wall","layer":"Wall"}},{"uuid":"c4ba9377-a66f-412f-9dd9-251f3860f229","name":"mesh4","type":"Mesh","geometry":"b47bc666-36be-4736-8d79-63eaa32f328a","material":"c33e9252-3d52-4ba1-a8b9-d59a89baac86","matrix":[1,0,0,0,0,1,0,0,0,0,1,0,0,0,0,1],"userData":{"Material":"Wall","layer":"Window"}},{"uuid":"94aaf5dd-6d55-42b4-9d3d-d87c9a7d230c","name":"line 5","type":"Line","geometry":"376f4526-4d2b-40ca-a668-419540288873","material":"02f077d3-3ed4-44a9-b884-93ed647caca2","matrix":[1,0,0,0,0,1,0,0,0,0,1,0,0,0,0,1],"userData":{"layer":"Default"}},{"uuid":"937376f5-988f-47c1-80f1-38275dd8f897","name":"line 6","type":"Line","geometry":"69db278a-71f2-4d9b-afc7-20ac3ff2e686","material":"02f077d3-3ed4-44a9-b884-93ed647caca2","matrix":[1,0,0,0,0,1,0,0,0,0,1,0,0,0,0,1],"userData":{"layer":"Default"}},{"uuid":"a5935d3a-ca23-4a17-b867-572e3f34d361","name":"line 7","type":"Line","geometry":"bd20ad77-f5e9-4f8c-b543-2a1234617e18","material":"02f077d3-3ed4-44a9-b884-93ed647caca2","matrix":[1,0,0,0,0,1,0,0,0,0,1,0,0,0,0,1],"userData":{"layer":"Default"}},{"uuid":"4a7310fc-9621-4f17-95b7-d919d239d6b6","name":"line 8","type":"Line","geometry":"cb8d0627-8830-4b78-8ece-7a74c726ac47","material":"02f077d3-3ed4-44a9-b884-93ed647caca2","matrix":[1,0,0,0,0,1,0,0,0,0,1,0,0,0,0,1],"userData":{"layer":"Default"}},{"uuid":"05c9efef-c729-4fc3-8fe0-8834244f118e","name":"line 9","type":"Line","geometry":"1ee79050-ca92-43f6-9366-fe1f6a7d2d92","material":"02f077d3-3ed4-44a9-b884-93ed647caca2","matrix":[1,0,0,0,0,1,0,0,0,0,1,0,0,0,0,1],"userData":{"layer":"Default"}},{"uuid":"e5f636d4-b9b0-4985-a869-3c146f322b0a","name":"line 10","type":"Line","geometry":"0943e1ef-2571-4a57-8388-ee66374b2d55","material":"02f077d3-3ed4-44a9-b884-93ed647caca2","matrix":[1,0,0,0,0,1,0,0,0,0,1,0,0,0,0,1],"userData":{"layer":"Default"}},{"uuid":"7b470a86-a243-4269-b6f3-e0538ab2d5c6","name":"line 11","type":"Line","geometry":"e85ec94c-1fcb-491d-b9c6-995bc2329fd5","material":"02f077d3-3ed4-44a9-b884-93ed647caca2","matrix":[1,0,0,0,0,1,0,0,0,0,1,0,0,0,0,1],"userData":{"layer":"Default"}},{"uuid":"424d70e5-4866-42cb-ace7-1bd5282595b4","name":"line 12","type":"Line","geometry":"2f3dc8ec-995a-4fb5-9379-a1db43e9baad","material":"02f077d3-3ed4-44a9-b884-93ed647caca2","matrix":[1,0,0,0,0,1,0,0,0,0,1,0,0,0,0,1],"userData":{"layer":"Default"}},{"uuid":"e40797ce-d0cc-40e0-8f5e-084c1dd484e2","name":"line 13","type":"Line","geometry":"0a0f4868-a61a-4998-bde9-f96f2e6a209c","material":"02f077d3-3ed4-44a9-b884-93ed647caca2","matrix":[1,0,0,0,0,1,0,0,0,0,1,0,0,0,0,1],"userData":{"layer":"Default"}},{"uuid":"b92ee6af-dc72-4276-8101-59547ccb8e4d","name":"line 14","type":"Line","geometry":"4599d044-2a68-48e0-a72d-88377995e3ea","material":"02f077d3-3ed4-44a9-b884-93ed647caca2","matrix":[1,0,0,0,0,1,0,0,0,0,1,0,0,0,0,1],"userData":{"layer":"Default"}},{"uuid":"96bd1999-efa4-4275-8b38-a230aa2ff057","name":"line 15","type":"Line","geometry":"84965aef-1abb-4ae8-b401-80e1117dda7b","material":"02f077d3-3ed4-44a9-b884-93ed647caca2","matrix":[1,0,0,0,0,1,0,0,0,0,1,0,0,0,0,1],"userData":{"layer":"Default"}},{"uuid":"c550e527-a280-4062-9c35-e4eb0a122d2a","name":"line 16","type":"Line","geometry":"5abcafd2-b0d9-4c6e-94fe-60495c2d6719","material":"02f077d3-3ed4-44a9-b884-93ed647caca2","matrix":[1,0,0,0,0,1,0,0,0,0,1,0,0,0,0,1],"userData":{"layer":"Default"}},{"uuid":"0fe864d6-190a-4ea8-86e6-4a018ec351e1","name":"line 17","type":"Line","geometry":"a0bf160e-3f14-481f-8f0f-6200b6b41134","material":"02f077d3-3ed4-44a9-b884-93ed647caca2","matrix":[1,0,0,0,0,1,0,0,0,0,1,0,0,0,0,1],"userData":{"layer":"Default"}},{"uuid":"118e36c4-82cc-47ad-898f-b73d882e27fe","name":"line 18","type":"Line","geometry":"74487799-77a3-4bcb-820f-ee1ae22bce26","material":"02f077d3-3ed4-44a9-b884-93ed647caca2","matrix":[1,0,0,0,0,1,0,0,0,0,1,0,0,0,0,1],"userData":{"layer":"Default"}},{"uuid":"561c301c-0a56-4c64-ae19-43b076583bfe","name":"line 19","type":"Line","geometry":"9534ec9c-1586-4b7d-86a1-ec00b8aa6998","material":"02f077d3-3ed4-44a9-b884-93ed647caca2","matrix":[1,0,0,0,0,1,0,0,0,0,1,0,0,0,0,1],"userData":{"layer":"Default"}},{"uuid":"771f9732-4825-485e-9148-67357251854d","name":"line 20","type":"Line","geometry":"51fcd62f-4e0c-4e1a-8f98-4e85e9b888e3","material":"02f077d3-3ed4-44a9-b884-93ed647caca2","matrix":[1,0,0,0,0,1,0,0,0,0,1,0,0,0,0,1],"userData":{"layer":"Default"}},{"uuid":"fb8222ca-8199-4d63-8b6a-104b4067ef4b","name":"line 21","type":"Line","geometry":"4d37d17e-efeb-4abf-be87-85c2cb350f6d","material":"02f077d3-3ed4-44a9-b884-93ed647caca2","matrix":[1,0,0,0,0,1,0,0,0,0,1,0,0,0,0,1],"userData":{"layer":"Default"}},{"uuid":"5adfc061-67ea-4ee1-8757-104fee82a862","name":"line 22","type":"Line","geometry":"b13272e2-1aa4-474e-a8b9-8482a414162e","material":"02f077d3-3ed4-44a9-b884-93ed647caca2","matrix":[1,0,0,0,0,1,0,0,0,0,1,0,0,0,0,1],"userData":{"layer":"Default"}},{"uuid":"6bee4a11-16c7-48a8-9e67-46bb79110e08","name":"line 23","type":"Line","geometry":"4203c89a-2792-4709-8a1d-375bc8e43b61","material":"02f077d3-3ed4-44a9-b884-93ed647caca2","matrix":[1,0,0,0,0,1,0,0,0,0,1,0,0,0,0,1],"userData":{"layer":"Default"}},{"uuid":"e027c813-1241-48cd-bd13-934bfea1fe96","name":"line 24","type":"Line","geometry":"3acc3d4a-7f99-4bee-b398-ad1da53b5304","material":"02f077d3-3ed4-44a9-b884-93ed647caca2","matrix":[1,0,0,0,0,1,0,0,0,0,1,0,0,0,0,1],"userData":{"layer":"Default"}},{"uuid":"fad628c1-c35c-424a-ba37-14b17ef85bfc","name":"line 25","type":"Line","geometry":"e48aa3bc-7259-4ed1-b16e-6fdf6669e518","material":"02f077d3-3ed4-44a9-b884-93ed647caca2","matrix":[1,0,0,0,0,1,0,0,0,0,1,0,0,0,0,1],"userData":{"layer":"Default"}},{"uuid":"12397dd0-9097-4ef9-8bd5-b1b0bd7a9eb9","name":"line 26","type":"Line","geometry":"a53514e1-4581-41cf-acf0-7fe41fbd6fc4","material":"02f077d3-3ed4-44a9-b884-93ed647caca2","matrix":[1,0,0,0,0,1,0,0,0,0,1,0,0,0,0,1],"userData":{"layer":"Default"}},{"uuid":"2ff3ac73-28fe-4866-9f5b-73b08288a4d8","name":"line 27","type":"Line","geometry":"ba575769-cc8a-4c8b-a1ab-2b7b6832b7fc","material":"02f077d3-3ed4-44a9-b884-93ed647caca2","matrix":[1,0,0,0,0,1,0,0,0,0,1,0,0,0,0,1],"userData":{"layer":"Default"}}],"userData":{"views":[],"layers":[{"name":"Wall"},{"name":"Window"},{"name":"Default"}]}}}