{"metadata":{"version":4.3,"type":"Object","generator":"Spectacles_Grasshopper_Exporter"},"geometries":[{"uuid":"2a2e3267-a91d-445e-90eb-972eb8531d15","type":"Geometry","data":{"vertices":[-1341.61475,3000.0,6365.0542,-1341.61475,0.0,6365.0542,1310.03577,0.0,3713.40356,1310.03577,3000.0,3713.40356,-1267.74683,2563.60474,6291.18604,-1267.74683,463.60477,6291.18604,853.57355,463.60477,4169.86572,853.57355,2563.60474,4169.86572],"faces":[0,3,7,6,0,4,7,3,0,2,3,6,0,4,3,0,0,1,2,6,0,5,4,0,0,1,6,5,0,5,0,1],"normals":[],"uvs":[],"scale":1,"visible":true,"castShadow":true,"receiveShadow":false,"doubleSided":true,"colors":["0xE6B43C","0xE6B43C","0xE6B43C","0xE6B43C","0xE6B43C","0xE6B43C","0xE6B43C","0xE6B43C"]}},{"uuid":"78fc55d9-50b7-4af5-841f-597413997845","type":"Geometry","data":{"vertices":[-3922.55444,3000.0,955.68719,-3922.55444,0.0,955.68719,-2614.40698,0.0,2263.83472,-2614.40698,3000.0,2263.83472,-2614.40698,3000.0,2263.83472,-2614.40698,0.0,2263.83472,-4028.62061,0.0,3678.04834,-4028.62061,3000.0,3678.04834,-4028.62061,3000.0,3678.04834,-4028.62061,0.0,3678.04834,-1341.61475,0.0,6365.0542,-1341.61475,3000.0,6365.0542,1310.03577,3000.0,3713.40356,1310.03577,0.0,3713.40356,-2685.11768,0.0,-281.74966,-2685.11768,3000.0,-281.74966,-2685.11768,3000.0,-281.74966,-2685.11768,0.0,-281.74966,-3922.55444,0.0,955.68719,-3922.55444,3000.0,955.68719],"faces":[0,0,1,2,0,0,2,3,0,4,5,6,0,4,6,7,0,8,9,10,0,8,10,11,0,12,13,14,0,12,14,15,0,16,17,18,0,16,18,19],"normals":[],"uvs":[],"scale":1,"visible":true,"castShadow":true,"receiveShadow":false,"doubleSided":true,"colors":["0xE6D796","0xE6D796","0xE6D796","0xE6D796","0xE6D796","0xE6D796","0xE6D796","0xE6D796","0xE6D796","0xE6D796","0xE6D796","0xE6D796","0xE6D796","0xE6D796","0xE6D796","0xE6D796","0xE6D796","0xE6D796","0xE6D796","0xE6D796"]}},{"uuid":"e9ff6eda-532b-4566-a606-05acda35aa7c","type":"Geometry","data":{"vertices":[1310.03577,3000.0,3713.40356,-2685.11768,3000.0,-281.74966,-3922.55444,3000.0,955.68719,-2614.40698,3000.0,2263.83472,-4028.62061,3000.0,3678.04834,-1341.61475,3000.0,6365.0542],"faces":[0,4,5,0,0,0,1,2,0,3,4,0,0,0,2,3],"normals":[],"uvs":[],"scale":1,"visible":true,"castShadow":true,"receiveShadow":false,"doubleSided":true,"colors":["0xFF8080","0xFF8080","0xFF8080","0xFF8080","0xFF8080","0xFF8080"]}},{"uuid":"c1c4939f-cb16-48db-a425-7c02ae6a3c3d","type":"Geometry","data":{"vertices":[-1341.61475,0.0,6365.0542,-4028.62061,0.0,3678.04834,-2614.40698,0.0,2263.83472,-3922.55444,0.0,955.68719,-2685.11768,0.0,-281.74966,1310.03577,0.0,3713.40356],"faces":[0,4,5,0,0,0,1,2,0,2,3,4,0,4,0,2],"normals":[],"uvs":[],"scale":1,"visible":true,"castShadow":true,"receiveShadow":false,"doubleSided":true,"colors":["0xFF8080","0xFF8080","0xFF8080","0xFF8080","0xFF8080","0xFF8080"]}},{"uuid":"0c737181-6158-4e0f-a8bc-a6b3024b506f","type":"Geometry","data":{"vertices":[-1267.74683,2563.60474,6291.18604,-1267.74683,463.60477,6291.18604,853.57355,463.60477,4169.86572,853.57355,2563.60474,4169.86572],"faces":[0,0,1,2,0,0,2,3],"normals":[],"uvs":[],"scale":1,"visible":true,"castShadow":true,"receiveShadow":false,"doubleSided":true,"colors":["0x40B4FF","0x40B4FF","0x40B4FF","0x40B4FF"]}},{"uuid":"8f004a01-33ca-473c-9e48-3a0c488cd660","type":"Geometry","data":{"vertices":[0.0,0.0,0.0,0.0,0.0,750.0],"normals":[],"uvs":[],"faces":[],"scale":1,"visible":true,"castShadow":true,"receiveShadow":false}},{"uuid":"7815a290-7c41-4487-962a-a3d6016845b9","type":"Geometry","data":{"vertices":[-650.0,0.0,0.0,-610.8002,0.0,222.31309],"normals":[],"uvs":[],"faces":[],"scale":1,"visible":true,"castShadow":true,"receiveShadow":false}},{"uuid":"eaed805d-0433-4338-a2be-f47d22b0b8c2","type":"Geometry","data":{"vertices":[-610.8002,0.0,222.31309,-497.92889,0.0,417.81195],"normals":[],"uvs":[],"faces":[],"scale":1,"visible":true,"castShadow":true,"receiveShadow":false}},{"uuid":"e615e524-24d1-4398-a244-3e40a51b9c90","type":"Geometry","data":{"vertices":[-497.92889,0.0,417.81195,-325.0,0.0,562.91651],"normals":[],"uvs":[],"faces":[],"scale":1,"visible":true,"castShadow":true,"receiveShadow":false}},{"uuid":"9df8d3e0-81da-4567-9ee9-5548fa31b8f9","type":"Geometry","data":{"vertices":[-325.0,0.0,562.91651,-112.87132,0.0,640.12504],"normals":[],"uvs":[],"faces":[],"scale":1,"visible":true,"castShadow":true,"receiveShadow":false}},{"uuid":"1c92b9d1-33c9-44ef-a399-82b7b57472bb","type":"Geometry","data":{"vertices":[-112.87132,0.0,640.12504,112.87132,0.0,640.12504],"normals":[],"uvs":[],"faces":[],"scale":1,"visible":true,"castShadow":true,"receiveShadow":false}},{"uuid":"e117983e-67e0-46bc-964e-c44a2a14a445","type":"Geometry","data":{"vertices":[112.87132,0.0,640.12504,325.0,0.0,562.91651],"normals":[],"uvs":[],"faces":[],"scale":1,"visible":true,"castShadow":true,"receiveShadow":false}},{"uuid":"bdc56f00-3077-4564-8162-4f60e6920638","type":"Geometry","data":{"vertices":[325.0,0.0,562.91651,497.92889,0.0,417.81195],"normals":[],"uvs":[],"faces":[],"scale":1,"visible":true,"castShadow":true,"receiveShadow":false}},{"uuid":"40bbb113-e8ac-497b-aa03-a43674e7da4f","type":"Geometry","data":{"vertices":[497.92889,0.0,417.81195,610.8002,0.0,222.31309],"normals":[],"uvs":[],"faces":[],"scale":1,"visible":true,"castShadow":true,"receiveShadow":false}},{"uuid":"17606600-3ac7-4f4c-a18f-a1aa9117c020","type":"Geometry","data":{"vertices":[610.8002,0.0,222.31309,650.0,0.0,0.0],"normals":[],"uvs":[],"faces":[],"scale":1,"visible":true,"castShadow":true,"receiveShadow":false}},{"uuid":"5411f456-9a38-42de-8542-c07074a8343a","type":"Geometry","data":{"vertices":[650.0,0.0,0.0,610.8002,0.0,-222.31309],"normals":[],"uvs":[],"faces":[],"scale":1,"visible":true,"castShadow":true,"receiveShadow":false}},{"uuid":"4e3ba0b8-be94-4fb5-9b27-1e19ebb37a65","type":"Geometry","data":{"vertices":[610.8002,0.0,-222.31309,497.92889,0.0,-417.81195],"normals":[],"uvs":[],"faces":[],"scale":1,"visible":true,"castShadow":true,"receiveShadow":false}},{"uuid":"16a489c6-13a5-47fc-8ab8-862423f98023","type":"Geometry","data":{"vertices":[497.92889,0.0,-417.81195,325.0,0.0,-562.91651],"normals":[],"uvs":[],"faces":[],"scale":1,"visible":true,"castShadow":true,"receiveShadow":false}},{"uuid":"6e4d0490-3d5a-4bb3-8bd4-7ea225561db9","type":"Geometry","data":{"vertices":[325.0,0.0,-562.91651,112.87132,0.0,-640.12504],"normals":[],"uvs":[],"faces":[],"scale":1,"visible":true,"castShadow":true,"receiveShadow":false}},{"uuid":"129110d0-cca7-4306-9c9c-4806fa4370d2","type":"Geometry","data":{"vertices":[112.87132,0.0,-640.12504,-112.87132,0.0,-640.12504],"normals":[],"uvs":[],"faces":[],"scale":1,"visible":true,"castShadow":true,"receiveShadow":false}},{"uuid":"63546cd8-5ee5-440f-b2c9-c47f33a24c44","type":"Geometry","data":{"vertices":[-112.87132,0.0,-640.12504,-325.0,0.0,-562.91651],"normals":[],"uvs":[],"faces":[],"scale":1,"visible":true,"castShadow":true,"receiveShadow":false}},{"uuid":"0c1a47ac-95b1-4922-b265-0400996a8d33","type":"Geometry","data":{"vertices":[-325.0,0.0,-562.91651,-497.92889,0.0,-417.81195],"normals":[],"uvs":[],"faces":[],"scale":1,"visible":true,"castShadow":true,"receiveShadow":false}},{"uuid":"5f88b487-954c-45ab-a9b8-084f9971909f","type":"Geometry","data":{"vertices":[-497.92889,0.0,-417.81195,-610.8002,0.0,-222.31309],"normals":[],"uvs":[],"faces":[],"scale":1,"visible":true,"castShadow":true,"receiveShadow":false}},{"uuid":"3e67e67a-8d7b-47ca-880f-b982dc8f6261","type":"Geometry","data":{"vertices":[-610.8002,0.0,-222.31309,-650.0,0.0,0.0],"normals":[],"uvs":[],"faces":[],"scale":1,"visible":true,"castShadow":true,"receiveShadow":false}},{"uuid":"d6c1fa62-bf87-4db9-b479-b02e3a8e2fd8","type":"Geometry","data":{"vertices":[0.0,0.0,500.0,0.0,0.0,750.0],"normals":[],"uvs":[],"faces":[],"scale":1,"visible":true,"castShadow":true,"receiveShadow":false}},{"uuid":"75beeb78-0c51-4740-81f5-44a9c05cb48f","type":"Geometry","data":{"vertices":[-500.0,0.0,0.0,-750.0,0.0,0.0],"normals":[],"uvs":[],"faces":[],"scale":1,"visible":true,"castShadow":true,"receiveShadow":false}},{"uuid":"a9960147-d60b-4ad0-b9e4-57822bedb576","type":"Geometry","data":{"vertices":[0.0,0.0,-500.0,0.0,0.0,-750.0],"normals":[],"uvs":[],"faces":[],"scale":1,"visible":true,"castShadow":true,"receiveShadow":false}},{"uuid":"af68c25f-5be2-4972-9d1e-0b7e76fcda04","type":"Geometry","data":{"vertices":[500.0,0.0,0.0,750.0,0.0,0.0],"normals":[],"uvs":[],"faces":[],"scale":1,"visible":true,"castShadow":true,"receiveShadow":false}}],"materials":[{"uuid":"03da3438-315c-4c3d-89b6-6a9a1918dec0","type":"MeshLambertMaterial","color":"0xFFCB3B","ambient":"0xFFCB3B","emissive":"0x000000","side":2,"opacity":1.0,"transparent":true,"shading":1,"vertexColors":0},{"uuid":"8845505a-f941-41b5-af5b-867b65e48ff8","type":"MeshLambertMaterial","color":"0xFFFFC7","ambient":"0xFFFFC7","emissive":"0x000000","side":2,"opacity":0.4,"transparent":true,"shading":1,"vertexColors":0},{"uuid":"c33e9252-3d52-4ba1-a8b9-d59a89baac86","type":"MeshLambertMaterial","color":"0x2A56F5","ambient":"0x2A56F5","emissive":"0x000000","side":2,"opacity":0.8,"transparent":true,"shading":1,"vertexColors":0},{"uuid":"cdf37490-93b6-47e4-b8d8-50d337281214","type":"LineBasicMaterial","color":"0x000000","linewidth":1.0,"opacity":1.0}],"object":{"uuid":"8664cf26-21fa-48ae-b4fc-6cc59eaac990","type":"Scene","matrix":[1,0,0,0,0,1,0,0,0,0,1,0,0,0,0,1],"children":[{"uuid":"4327332a-a0aa-4c21-a2c4-5040929423ec","name":"mesh0","type":"Mesh","geometry":"2a2e3267-a91d-445e-90eb-972eb8531d15","material":"03da3438-315c-4c3d-89b6-6a9a1918dec0","matrix":[1,0,0,0,0,1,0,0,0,0,1,0,0,0,0,1],"userData":{"Material":"Wall","layer":"Wall"}},{"uuid":"8e2f8a41-11ab-4362-b634-6196aa9f7fa4","name":"mesh1","type":"Mesh","geometry":"78fc55d9-50b7-4af5-841f-597413997845","material":"8845505a-f941-41b5-af5b-867b65e48ff8","matrix":[1,0,0,0,0,1,0,0,0,0,1,0,0,0,0,1],"userData":{"Material":"Wall","layer":"Wall"}},{"uuid":"d9889028-9e4e-44f7-8415-abd3eec49e4d","name":"mesh2","type":"Mesh","geometry":"e9ff6eda-532b-4566-a606-05acda35aa7c","material":"8845505a-f941-41b5-af5b-867b65e48ff8","matrix":[1,0,0,0,0,1,0,0,0,0,1,0,0,0,0,1],"userData":{"Material":"Wall","layer":"Wall"}},{"uuid":"f76826ff-6045-4725-8698-3d71b47e69df","name":"mesh3","type":"Mesh","geometry":"c1c4939f-cb16-48db-a425-7c02ae6a3c3d","material":"8845505a-f941-41b5-af5b-867b65e48ff8","matrix":[1,0,0,0,0,1,0,0,0,0,1,0,0,0,0,1],"userData":{"Material":"Wall","layer":"Wall"}},{"uuid":"190b48db-07a1-4fb0-8a43-2e2948e1eb24","name":"mesh4","type":"Mesh","geometry":"0c737181-6158-4e0f-a8bc-a6b3024b506f","material":"c33e9252-3d52-4ba1-a8b9-d59a89baac86","matrix":[1,0,0,0,0,1,0,0,0,0,1,0,0,0,0,1],"userData":{"Material":"Wall","layer":"Window"}},{"uuid":"5af2fa90-3ba8-4479-aafa-fd27792c49bf","name":"line 5","type":"Line","geometry":"8f004a01-33ca-473c-9e48-3a0c488cd660","material":"cdf37490-93b6-47e4-b8d8-50d337281214","matrix":[1,0,0,0,0,1,0,0,0,0,1,0,0,0,0,1],"userData":{"layer":"Default"}},{"uuid":"279c1b62-a97d-4c81-be98-0e9fa18ec2e7","name":"line 6","type":"Line","geometry":"7815a290-7c41-4487-962a-a3d6016845b9","material":"cdf37490-93b6-47e4-b8d8-50d337281214","matrix":[1,0,0,0,0,1,0,0,0,0,1,0,0,0,0,1],"userData":{"layer":"Default"}},{"uuid":"cac27fc3-126f-4327-aea8-55c560363be8","name":"line 7","type":"Line","geometry":"eaed805d-0433-4338-a2be-f47d22b0b8c2","material":"cdf37490-93b6-47e4-b8d8-50d337281214","matrix":[1,0,0,0,0,1,0,0,0,0,1,0,0,0,0,1],"userData":{"layer":"Default"}},{"uuid":"0850cdfc-1f66-48d2-8f98-5ca92b9e6d0f","name":"line 8","type":"Line","geometry":"e615e524-24d1-4398-a244-3e40a51b9c90","material":"cdf37490-93b6-47e4-b8d8-50d337281214","matrix":[1,0,0,0,0,1,0,0,0,0,1,0,0,0,0,1],"userData":{"layer":"Default"}},{"uuid":"cb16423c-74c3-4e24-bde3-e03980876282","name":"line 9","type":"Line","geometry":"9df8d3e0-81da-4567-9ee9-5548fa31b8f9","material":"cdf37490-93b6-47e4-b8d8-50d337281214","matrix":[1,0,0,0,0,1,0,0,0,0,1,0,0,0,0,1],"userData":{"layer":"Default"}},{"uuid":"67d40000-a9d7-4b9c-a42d-69c5d775846e","name":"line 10","type":"Line","geometry":"1c92b9d1-33c9-44ef-a399-82b7b57472bb","material":"cdf37490-93b6-47e4-b8d8-50d337281214","matrix":[1,0,0,0,0,1,0,0,0,0,1,0,0,0,0,1],"userData":{"layer":"Default"}},{"uuid":"4bda7f69-e6ea-42fd-af3a-1d51c4ed2d85","name":"line 11","type":"Line","geometry":"e117983e-67e0-46bc-964e-c44a2a14a445","material":"cdf37490-93b6-47e4-b8d8-50d337281214","matrix":[1,0,0,0,0,1,0,0,0,0,1,0,0,0,0,1],"userData":{"layer":"Default"}},{"uuid":"e0677b66-8539-4f8c-bcf5-8dc52ed4e676","name":"line 12","type":"Line","geometry":"bdc56f00-3077-4564-8162-4f60e6920638","material":"cdf37490-93b6-47e4-b8d8-50d337281214","matrix":[1,0,0,0,0,1,0,0,0,0,1,0,0,0,0,1],"userData":{"layer":"Default"}},{"uuid":"c28cdd7c-640f-4ce4-866c-ea69273d2bb4","name":"line 13","type":"Line","geometry":"40bbb113-e8ac-497b-aa03-a43674e7da4f","material":"cdf37490-93b6-47e4-b8d8-50d337281214","matrix":[1,0,0,0,0,1,0,0,0,0,1,0,0,0,0,1],"userData":{"layer":"Default"}},{"uuid":"865df004-4504-4bf0-beef-27824b744a7a","name":"line 14","type":"Line","geometry":"17606600-3ac7-4f4c-a18f-a1aa9117c020","material":"cdf37490-93b6-47e4-b8d8-50d337281214","matrix":[1,0,0,0,0,1,0,0,0,0,1,0,0,0,0,1],"userData":{"layer":"Default"}},{"uuid":"dac37601-a01e-45f9-aa43-ed96fdafe191","name":"line 15","type":"Line","geometry":"5411f456-9a38-42de-8542-c07074a8343a","material":"cdf37490-93b6-47e4-b8d8-50d337281214","matrix":[1,0,0,0,0,1,0,0,0,0,1,0,0,0,0,1],"userData":{"layer":"Default"}},{"uuid":"800fc66d-e339-4358-b070-c447da765bd0","name":"line 16","type":"Line","geometry":"4e3ba0b8-be94-4fb5-9b27-1e19ebb37a65","material":"cdf37490-93b6-47e4-b8d8-50d337281214","matrix":[1,0,0,0,0,1,0,0,0,0,1,0,0,0,0,1],"userData":{"layer":"Default"}},{"uuid":"19a7d858-5984-4ec1-ba25-fbb8846e9486","name":"line 17","type":"Line","geometry":"16a489c6-13a5-47fc-8ab8-862423f98023","material":"cdf37490-93b6-47e4-b8d8-50d337281214","matrix":[1,0,0,0,0,1,0,0,0,0,1,0,0,0,0,1],"userData":{"layer":"Default"}},{"uuid":"48ecef2c-e7a4-4f35-bce6-0527745b9bc2","name":"line 18","type":"Line","geometry":"6e4d0490-3d5a-4bb3-8bd4-7ea225561db9","material":"cdf37490-93b6-47e4-b8d8-50d337281214","matrix":[1,0,0,0,0,1,0,0,0,0,1,0,0,0,0,1],"userData":{"layer":"Default"}},{"uuid":"cabe571d-23fb-4cdf-a4b9-4d66d88b4fc2","name":"line 19","type":"Line","geometry":"129110d0-cca7-4306-9c9c-4806fa4370d2","material":"cdf37490-93b6-47e4-b8d8-50d337281214","matrix":[1,0,0,0,0,1,0,0,0,0,1,0,0,0,0,1],"userData":{"layer":"Default"}},{"uuid":"41a6e076-cc0f-4c1a-9fb8-f62f24b48bfb","name":"line 20","type":"Line","geometry":"63546cd8-5ee5-440f-b2c9-c47f33a24c44","material":"cdf37490-93b6-47e4-b8d8-50d337281214","matrix":[1,0,0,0,0,1,0,0,0,0,1,0,0,0,0,1],"userData":{"layer":"Default"}},{"uuid":"a91e38a2-7db1-4660-a177-d0da8103787a","name":"line 21","type":"Line","geometry":"0c1a47ac-95b1-4922-b265-0400996a8d33","material":"cdf37490-93b6-47e4-b8d8-50d337281214","matrix":[1,0,0,0,0,1,0,0,0,0,1,0,0,0,0,1],"userData":{"layer":"Default"}},{"uuid":"5af149ce-48d3-4293-aa91-6dce90292f19","name":"line 22","type":"Line","geometry":"5f88b487-954c-45ab-a9b8-084f9971909f","material":"cdf37490-93b6-47e4-b8d8-50d337281214","matrix":[1,0,0,0,0,1,0,0,0,0,1,0,0,0,0,1],"userData":{"layer":"Default"}},{"uuid":"40099077-6b14-4bd9-bca1-3c8501b0daee","name":"line 23","type":"Line","geometry":"3e67e67a-8d7b-47ca-880f-b982dc8f6261","material":"cdf37490-93b6-47e4-b8d8-50d337281214","matrix":[1,0,0,0,0,1,0,0,0,0,1,0,0,0,0,1],"userData":{"layer":"Default"}},{"uuid":"53b6a590-4f42-4cd5-8d18-91ca52edb6a9","name":"line 24","type":"Line","geometry":"d6c1fa62-bf87-4db9-b479-b02e3a8e2fd8","material":"cdf37490-93b6-47e4-b8d8-50d337281214","matrix":[1,0,0,0,0,1,0,0,0,0,1,0,0,0,0,1],"userData":{"layer":"Default"}},{"uuid":"c0dad81b-f557-447d-a1d9-3b22a0089e4c","name":"line 25","type":"Line","geometry":"75beeb78-0c51-4740-81f5-44a9c05cb48f","material":"cdf37490-93b6-47e4-b8d8-50d337281214","matrix":[1,0,0,0,0,1,0,0,0,0,1,0,0,0,0,1],"userData":{"layer":"Default"}},{"uuid":"282a48e5-fabc-453d-94ea-83ff24c138a5","name":"line 26","type":"Line","geometry":"a9960147-d60b-4ad0-b9e4-57822bedb576","material":"cdf37490-93b6-47e4-b8d8-50d337281214","matrix":[1,0,0,0,0,1,0,0,0,0,1,0,0,0,0,1],"userData":{"layer":"Default"}},{"uuid":"3505bbd8-f74f-463d-83b2-2d26b652a83e","name":"line 27","type":"Line","geometry":"af68c25f-5be2-4972-9d1e-0b7e76fcda04","material":"cdf37490-93b6-47e4-b8d8-50d337281214","matrix":[1,0,0,0,0,1,0,0,0,0,1,0,0,0,0,1],"userData":{"layer":"Default"}}],"userData":{"views":[],"layers":[{"name":"Wall"},{"name":"Window"},{"name":"Default"}]}}}