{"metadata":{"version":4.3,"type":"Object","generator":"Spectacles_Grasshopper_Exporter"},"geometries":[{"uuid":"7d8e99c8-0681-4e22-a0c6-37682cdb3ef8","type":"Geometry","data":{"vertices":[-1341.61475,3000.0,6365.0542,-1341.61475,0.0,6365.0542,1310.03577,0.0,3713.40356,1310.03577,3000.0,3713.40356,-1267.74683,2563.60474,6291.18604,-1267.74683,863.60474,6291.18604,1277.83765,863.60474,3745.60181,1277.83765,2563.60474,3745.60181],"faces":[0,3,7,6,0,4,7,3,0,2,3,6,0,4,3,0,0,1,2,6,0,5,4,0,0,1,6,5,0,5,0,1],"normals":[],"uvs":[],"scale":1,"visible":true,"castShadow":true,"receiveShadow":false,"doubleSided":true,"colors":["0xE6B43C","0xE6B43C","0xE6B43C","0xE6B43C","0xE6B43C","0xE6B43C","0xE6B43C","0xE6B43C"]}},{"uuid":"d00b5a9a-f8a3-4238-8b61-6ad1c774f8bf","type":"Geometry","data":{"vertices":[-3922.55444,3000.0,955.68719,-3922.55444,0.0,955.68719,-2614.40698,0.0,2263.83472,-2614.40698,3000.0,2263.83472,-2614.40698,3000.0,2263.83472,-2614.40698,0.0,2263.83472,-4028.62061,0.0,3678.04834,-4028.62061,3000.0,3678.04834,-4028.62061,3000.0,3678.04834,-4028.62061,0.0,3678.04834,-1341.61475,0.0,6365.0542,-1341.61475,3000.0,6365.0542,1310.03577,3000.0,3713.40356,1310.03577,0.0,3713.40356,-2685.11768,0.0,-281.74966,-2685.11768,3000.0,-281.74966,-2685.11768,3000.0,-281.74966,-2685.11768,0.0,-281.74966,-3922.55444,0.0,955.68719,-3922.55444,3000.0,955.68719],"faces":[0,0,1,2,0,0,2,3,0,4,5,6,0,4,6,7,0,8,9,10,0,8,10,11,0,12,13,14,0,12,14,15,0,16,17,18,0,16,18,19],"normals":[],"uvs":[],"scale":1,"visible":true,"castShadow":true,"receiveShadow":false,"doubleSided":true,"colors":["0xE6D796","0xE6D796","0xE6D796","0xE6D796","0xE6D796","0xE6D796","0xE6D796","0xE6D796","0xE6D796","0xE6D796","0xE6D796","0xE6D796","0xE6D796","0xE6D796","0xE6D796","0xE6D796","0xE6D796","0xE6D796","0xE6D796","0xE6D796"]}},{"uuid":"6d5c4e16-8b85-4c8f-a1d8-0fc0122fb78d","type":"Geometry","data":{"vertices":[1310.03577,3000.0,3713.40356,-2685.11768,3000.0,-281.74966,-3922.55444,3000.0,955.68719,-2614.40698,3000.0,2263.83472,-4028.62061,3000.0,3678.04834,-1341.61475,3000.0,6365.0542],"faces":[0,4,5,0,0,0,1,2,0,3,4,0,0,0,2,3],"normals":[],"uvs":[],"scale":1,"visible":true,"castShadow":true,"receiveShadow":false,"doubleSided":true,"colors":["0xFF8080","0xFF8080","0xFF8080","0xFF8080","0xFF8080","0xFF8080"]}},{"uuid":"36ebd3cf-790f-4c22-9766-100ac24708d7","type":"Geometry","data":{"vertices":[-1341.61475,0.0,6365.0542,-4028.62061,0.0,3678.04834,-2614.40698,0.0,2263.83472,-3922.55444,0.0,955.68719,-2685.11768,0.0,-281.74966,1310.03577,0.0,3713.40356],"faces":[0,4,5,0,0,0,1,2,0,2,3,4,0,4,0,2],"normals":[],"uvs":[],"scale":1,"visible":true,"castShadow":true,"receiveShadow":false,"doubleSided":true,"colors":["0xFF8080","0xFF8080","0xFF8080","0xFF8080","0xFF8080","0xFF8080"]}},{"uuid":"839b18aa-b357-4514-ac9d-a459d3777dd9","type":"Geometry","data":{"vertices":[-1267.74683,2563.60474,6291.18604,-1267.74683,863.60474,6291.18604,1277.83765,863.60474,3745.60181,1277.83765,2563.60474,3745.60181],"faces":[0,0,1,2,0,0,2,3],"normals":[],"uvs":[],"scale":1,"visible":true,"castShadow":true,"receiveShadow":false,"doubleSided":true,"colors":["0x40B4FF","0x40B4FF","0x40B4FF","0x40B4FF"]}},{"uuid":"5263c133-e785-48bc-933c-6caf947da5bd","type":"Geometry","data":{"vertices":[0.0,0.0,0.0,0.0,0.0,750.0],"normals":[],"uvs":[],"faces":[],"scale":1,"visible":true,"castShadow":true,"receiveShadow":false}},{"uuid":"1ef4255a-9600-45b4-8f1e-aef49a41f168","type":"Geometry","data":{"vertices":[-650.0,0.0,0.0,-610.8002,0.0,222.31309],"normals":[],"uvs":[],"faces":[],"scale":1,"visible":true,"castShadow":true,"receiveShadow":false}},{"uuid":"d3b2ea8a-849c-4eb5-8902-d9e52ebb9210","type":"Geometry","data":{"vertices":[-610.8002,0.0,222.31309,-497.92889,0.0,417.81195],"normals":[],"uvs":[],"faces":[],"scale":1,"visible":true,"castShadow":true,"receiveShadow":false}},{"uuid":"c3a29f4f-d958-4572-b7a7-eb362b052a69","type":"Geometry","data":{"vertices":[-497.92889,0.0,417.81195,-325.0,0.0,562.91651],"normals":[],"uvs":[],"faces":[],"scale":1,"visible":true,"castShadow":true,"receiveShadow":false}},{"uuid":"4554c2d5-66de-4337-9b26-906869990766","type":"Geometry","data":{"vertices":[-325.0,0.0,562.91651,-112.87132,0.0,640.12504],"normals":[],"uvs":[],"faces":[],"scale":1,"visible":true,"castShadow":true,"receiveShadow":false}},{"uuid":"d47bc1f8-84f5-4e2d-8ab5-d457f2c6153e","type":"Geometry","data":{"vertices":[-112.87132,0.0,640.12504,112.87132,0.0,640.12504],"normals":[],"uvs":[],"faces":[],"scale":1,"visible":true,"castShadow":true,"receiveShadow":false}},{"uuid":"e88303f2-9e48-4a34-8bb7-a103eab1c545","type":"Geometry","data":{"vertices":[112.87132,0.0,640.12504,325.0,0.0,562.91651],"normals":[],"uvs":[],"faces":[],"scale":1,"visible":true,"castShadow":true,"receiveShadow":false}},{"uuid":"785ccd79-de41-4858-9a6d-d21f7c7a11bd","type":"Geometry","data":{"vertices":[325.0,0.0,562.91651,497.92889,0.0,417.81195],"normals":[],"uvs":[],"faces":[],"scale":1,"visible":true,"castShadow":true,"receiveShadow":false}},{"uuid":"adfa0f00-d12f-4d5a-82c3-e8326b5caca7","type":"Geometry","data":{"vertices":[497.92889,0.0,417.81195,610.8002,0.0,222.31309],"normals":[],"uvs":[],"faces":[],"scale":1,"visible":true,"castShadow":true,"receiveShadow":false}},{"uuid":"045d023d-b47f-4a00-a28e-40eeb9c103a4","type":"Geometry","data":{"vertices":[610.8002,0.0,222.31309,650.0,0.0,0.0],"normals":[],"uvs":[],"faces":[],"scale":1,"visible":true,"castShadow":true,"receiveShadow":false}},{"uuid":"3a7cef0e-cd78-49dd-a73d-7d264a7e0dd4","type":"Geometry","data":{"vertices":[650.0,0.0,0.0,610.8002,0.0,-222.31309],"normals":[],"uvs":[],"faces":[],"scale":1,"visible":true,"castShadow":true,"receiveShadow":false}},{"uuid":"cf4784ee-86eb-4bd0-b150-7dc1d0a49fea","type":"Geometry","data":{"vertices":[610.8002,0.0,-222.31309,497.92889,0.0,-417.81195],"normals":[],"uvs":[],"faces":[],"scale":1,"visible":true,"castShadow":true,"receiveShadow":false}},{"uuid":"73018963-7f11-4024-932b-52b369a514d2","type":"Geometry","data":{"vertices":[497.92889,0.0,-417.81195,325.0,0.0,-562.91651],"normals":[],"uvs":[],"faces":[],"scale":1,"visible":true,"castShadow":true,"receiveShadow":false}},{"uuid":"f5da7159-cd9f-4fb2-abb8-d04c9ad67495","type":"Geometry","data":{"vertices":[325.0,0.0,-562.91651,112.87132,0.0,-640.12504],"normals":[],"uvs":[],"faces":[],"scale":1,"visible":true,"castShadow":true,"receiveShadow":false}},{"uuid":"a0e70330-bce2-4db3-8993-e0a6258da9b1","type":"Geometry","data":{"vertices":[112.87132,0.0,-640.12504,-112.87132,0.0,-640.12504],"normals":[],"uvs":[],"faces":[],"scale":1,"visible":true,"castShadow":true,"receiveShadow":false}},{"uuid":"838c7044-d1e8-4137-b18c-a1a10f6693bb","type":"Geometry","data":{"vertices":[-112.87132,0.0,-640.12504,-325.0,0.0,-562.91651],"normals":[],"uvs":[],"faces":[],"scale":1,"visible":true,"castShadow":true,"receiveShadow":false}},{"uuid":"f92585b3-9888-478f-b32b-bbbcd999b267","type":"Geometry","data":{"vertices":[-325.0,0.0,-562.91651,-497.92889,0.0,-417.81195],"normals":[],"uvs":[],"faces":[],"scale":1,"visible":true,"castShadow":true,"receiveShadow":false}},{"uuid":"d623922d-5268-4549-96a7-f75479bf0093","type":"Geometry","data":{"vertices":[-497.92889,0.0,-417.81195,-610.8002,0.0,-222.31309],"normals":[],"uvs":[],"faces":[],"scale":1,"visible":true,"castShadow":true,"receiveShadow":false}},{"uuid":"2eef9791-5376-4f87-83e0-b26a0721bc5a","type":"Geometry","data":{"vertices":[-610.8002,0.0,-222.31309,-650.0,0.0,0.0],"normals":[],"uvs":[],"faces":[],"scale":1,"visible":true,"castShadow":true,"receiveShadow":false}},{"uuid":"d62a960c-dfc3-4081-93b8-271dbbd0a6f3","type":"Geometry","data":{"vertices":[0.0,0.0,500.0,0.0,0.0,750.0],"normals":[],"uvs":[],"faces":[],"scale":1,"visible":true,"castShadow":true,"receiveShadow":false}},{"uuid":"6f3e4156-2859-477d-be77-a39c7bc89e69","type":"Geometry","data":{"vertices":[-500.0,0.0,0.0,-750.0,0.0,0.0],"normals":[],"uvs":[],"faces":[],"scale":1,"visible":true,"castShadow":true,"receiveShadow":false}},{"uuid":"2a506a00-34de-40c6-b542-df84b8c29fbc","type":"Geometry","data":{"vertices":[0.0,0.0,-500.0,0.0,0.0,-750.0],"normals":[],"uvs":[],"faces":[],"scale":1,"visible":true,"castShadow":true,"receiveShadow":false}},{"uuid":"025cb4d4-fd83-49de-8c4e-a440674cd1d5","type":"Geometry","data":{"vertices":[500.0,0.0,0.0,750.0,0.0,0.0],"normals":[],"uvs":[],"faces":[],"scale":1,"visible":true,"castShadow":true,"receiveShadow":false}}],"materials":[{"uuid":"03da3438-315c-4c3d-89b6-6a9a1918dec0","type":"MeshLambertMaterial","color":"0xFFCB3B","ambient":"0xFFCB3B","emissive":"0x000000","side":2,"opacity":1.0,"transparent":true,"shading":1,"vertexColors":0},{"uuid":"8845505a-f941-41b5-af5b-867b65e48ff8","type":"MeshLambertMaterial","color":"0xFFFFC7","ambient":"0xFFFFC7","emissive":"0x000000","side":2,"opacity":0.4,"transparent":true,"shading":1,"vertexColors":0},{"uuid":"c33e9252-3d52-4ba1-a8b9-d59a89baac86","type":"MeshLambertMaterial","color":"0x2A56F5","ambient":"0x2A56F5","emissive":"0x000000","side":2,"opacity":0.8,"transparent":true,"shading":1,"vertexColors":0},{"uuid":"f94b1592-4b16-4d99-bf05-0fa4d677d081","type":"LineBasicMaterial","color":"0x000000","linewidth":1.0,"opacity":1.0}],"object":{"uuid":"ebd35491-009f-4eda-a6b1-0f2e71e58ddf","type":"Scene","matrix":[1,0,0,0,0,1,0,0,0,0,1,0,0,0,0,1],"children":[{"uuid":"863fdd1e-0da8-47b8-8922-ec6225b01f72","name":"mesh0","type":"Mesh","geometry":"7d8e99c8-0681-4e22-a0c6-37682cdb3ef8","material":"03da3438-315c-4c3d-89b6-6a9a1918dec0","matrix":[1,0,0,0,0,1,0,0,0,0,1,0,0,0,0,1],"userData":{"Material":"Wall","layer":"Wall"}},{"uuid":"1aaf3c97-4972-40ac-937c-0ff096e8871f","name":"mesh1","type":"Mesh","geometry":"d00b5a9a-f8a3-4238-8b61-6ad1c774f8bf","material":"8845505a-f941-41b5-af5b-867b65e48ff8","matrix":[1,0,0,0,0,1,0,0,0,0,1,0,0,0,0,1],"userData":{"Material":"Wall","layer":"Wall"}},{"uuid":"65ccf3fa-26f2-4bf1-8832-a5b6f65e378f","name":"mesh2","type":"Mesh","geometry":"6d5c4e16-8b85-4c8f-a1d8-0fc0122fb78d","material":"8845505a-f941-41b5-af5b-867b65e48ff8","matrix":[1,0,0,0,0,1,0,0,0,0,1,0,0,0,0,1],"userData":{"Material":"Wall","layer":"Wall"}},{"uuid":"5cd4800c-a540-41d8-b809-aa74ec026c7b","name":"mesh3","type":"Mesh","geometry":"36ebd3cf-790f-4c22-9766-100ac24708d7","material":"8845505a-f941-41b5-af5b-867b65e48ff8","matrix":[1,0,0,0,0,1,0,0,0,0,1,0,0,0,0,1],"userData":{"Material":"Wall","layer":"Wall"}},{"uuid":"57040fbf-5ff4-42f7-8d81-4aa730e7306a","name":"mesh4","type":"Mesh","geometry":"839b18aa-b357-4514-ac9d-a459d3777dd9","material":"c33e9252-3d52-4ba1-a8b9-d59a89baac86","matrix":[1,0,0,0,0,1,0,0,0,0,1,0,0,0,0,1],"userData":{"Material":"Wall","layer":"Window"}},{"uuid":"94e82581-941e-43cc-83dc-dd90d9f28d93","name":"line 5","type":"Line","geometry":"5263c133-e785-48bc-933c-6caf947da5bd","material":"f94b1592-4b16-4d99-bf05-0fa4d677d081","matrix":[1,0,0,0,0,1,0,0,0,0,1,0,0,0,0,1],"userData":{"layer":"Default"}},{"uuid":"327a0670-1428-405c-9190-234a3567d4bf","name":"line 6","type":"Line","geometry":"1ef4255a-9600-45b4-8f1e-aef49a41f168","material":"f94b1592-4b16-4d99-bf05-0fa4d677d081","matrix":[1,0,0,0,0,1,0,0,0,0,1,0,0,0,0,1],"userData":{"layer":"Default"}},{"uuid":"cac243e8-ca80-4792-8b90-20668d0f0f7e","name":"line 7","type":"Line","geometry":"d3b2ea8a-849c-4eb5-8902-d9e52ebb9210","material":"f94b1592-4b16-4d99-bf05-0fa4d677d081","matrix":[1,0,0,0,0,1,0,0,0,0,1,0,0,0,0,1],"userData":{"layer":"Default"}},{"uuid":"5f3fca9a-eb1f-42fb-be10-ed70218debf8","name":"line 8","type":"Line","geometry":"c3a29f4f-d958-4572-b7a7-eb362b052a69","material":"f94b1592-4b16-4d99-bf05-0fa4d677d081","matrix":[1,0,0,0,0,1,0,0,0,0,1,0,0,0,0,1],"userData":{"layer":"Default"}},{"uuid":"11f4e448-cbf4-4381-86c1-9d4060496522","name":"line 9","type":"Line","geometry":"4554c2d5-66de-4337-9b26-906869990766","material":"f94b1592-4b16-4d99-bf05-0fa4d677d081","matrix":[1,0,0,0,0,1,0,0,0,0,1,0,0,0,0,1],"userData":{"layer":"Default"}},{"uuid":"8b294382-754c-4edd-83b0-976013bb782f","name":"line 10","type":"Line","geometry":"d47bc1f8-84f5-4e2d-8ab5-d457f2c6153e","material":"f94b1592-4b16-4d99-bf05-0fa4d677d081","matrix":[1,0,0,0,0,1,0,0,0,0,1,0,0,0,0,1],"userData":{"layer":"Default"}},{"uuid":"045983e1-97d5-4abb-b8ee-99fbc4d950e5","name":"line 11","type":"Line","geometry":"e88303f2-9e48-4a34-8bb7-a103eab1c545","material":"f94b1592-4b16-4d99-bf05-0fa4d677d081","matrix":[1,0,0,0,0,1,0,0,0,0,1,0,0,0,0,1],"userData":{"layer":"Default"}},{"uuid":"25725006-1ac1-4814-b680-42eb10fdebe5","name":"line 12","type":"Line","geometry":"785ccd79-de41-4858-9a6d-d21f7c7a11bd","material":"f94b1592-4b16-4d99-bf05-0fa4d677d081","matrix":[1,0,0,0,0,1,0,0,0,0,1,0,0,0,0,1],"userData":{"layer":"Default"}},{"uuid":"16d89483-6cae-40fd-adb4-a4e67698197c","name":"line 13","type":"Line","geometry":"adfa0f00-d12f-4d5a-82c3-e8326b5caca7","material":"f94b1592-4b16-4d99-bf05-0fa4d677d081","matrix":[1,0,0,0,0,1,0,0,0,0,1,0,0,0,0,1],"userData":{"layer":"Default"}},{"uuid":"fd5ca610-ffb3-400e-82f2-f0ede743125a","name":"line 14","type":"Line","geometry":"045d023d-b47f-4a00-a28e-40eeb9c103a4","material":"f94b1592-4b16-4d99-bf05-0fa4d677d081","matrix":[1,0,0,0,0,1,0,0,0,0,1,0,0,0,0,1],"userData":{"layer":"Default"}},{"uuid":"d691c0a6-fc53-4680-a45d-6fc95d8581f6","name":"line 15","type":"Line","geometry":"3a7cef0e-cd78-49dd-a73d-7d264a7e0dd4","material":"f94b1592-4b16-4d99-bf05-0fa4d677d081","matrix":[1,0,0,0,0,1,0,0,0,0,1,0,0,0,0,1],"userData":{"layer":"Default"}},{"uuid":"cbd4048d-aa11-4f13-833e-0f189805604f","name":"line 16","type":"Line","geometry":"cf4784ee-86eb-4bd0-b150-7dc1d0a49fea","material":"f94b1592-4b16-4d99-bf05-0fa4d677d081","matrix":[1,0,0,0,0,1,0,0,0,0,1,0,0,0,0,1],"userData":{"layer":"Default"}},{"uuid":"b1f7d8c6-a1a7-484c-a652-c1b5050a038f","name":"line 17","type":"Line","geometry":"73018963-7f11-4024-932b-52b369a514d2","material":"f94b1592-4b16-4d99-bf05-0fa4d677d081","matrix":[1,0,0,0,0,1,0,0,0,0,1,0,0,0,0,1],"userData":{"layer":"Default"}},{"uuid":"78ae3023-3556-4102-9dd7-1ddd6355e026","name":"line 18","type":"Line","geometry":"f5da7159-cd9f-4fb2-abb8-d04c9ad67495","material":"f94b1592-4b16-4d99-bf05-0fa4d677d081","matrix":[1,0,0,0,0,1,0,0,0,0,1,0,0,0,0,1],"userData":{"layer":"Default"}},{"uuid":"38df087b-17c2-4099-818c-5deb4372aa56","name":"line 19","type":"Line","geometry":"a0e70330-bce2-4db3-8993-e0a6258da9b1","material":"f94b1592-4b16-4d99-bf05-0fa4d677d081","matrix":[1,0,0,0,0,1,0,0,0,0,1,0,0,0,0,1],"userData":{"layer":"Default"}},{"uuid":"062ad45e-e4df-4126-8d6f-d5149cd8d896","name":"line 20","type":"Line","geometry":"838c7044-d1e8-4137-b18c-a1a10f6693bb","material":"f94b1592-4b16-4d99-bf05-0fa4d677d081","matrix":[1,0,0,0,0,1,0,0,0,0,1,0,0,0,0,1],"userData":{"layer":"Default"}},{"uuid":"618deac0-ccf3-4803-b281-9bcbe65242e3","name":"line 21","type":"Line","geometry":"f92585b3-9888-478f-b32b-bbbcd999b267","material":"f94b1592-4b16-4d99-bf05-0fa4d677d081","matrix":[1,0,0,0,0,1,0,0,0,0,1,0,0,0,0,1],"userData":{"layer":"Default"}},{"uuid":"098ac31b-8cb3-4832-9cb5-c1fe7293b08e","name":"line 22","type":"Line","geometry":"d623922d-5268-4549-96a7-f75479bf0093","material":"f94b1592-4b16-4d99-bf05-0fa4d677d081","matrix":[1,0,0,0,0,1,0,0,0,0,1,0,0,0,0,1],"userData":{"layer":"Default"}},{"uuid":"1b159d2b-818f-4e94-8ba0-1b5d75f8a119","name":"line 23","type":"Line","geometry":"2eef9791-5376-4f87-83e0-b26a0721bc5a","material":"f94b1592-4b16-4d99-bf05-0fa4d677d081","matrix":[1,0,0,0,0,1,0,0,0,0,1,0,0,0,0,1],"userData":{"layer":"Default"}},{"uuid":"51d91b26-9162-4cb7-9d8b-fe07d5fa53d9","name":"line 24","type":"Line","geometry":"d62a960c-dfc3-4081-93b8-271dbbd0a6f3","material":"f94b1592-4b16-4d99-bf05-0fa4d677d081","matrix":[1,0,0,0,0,1,0,0,0,0,1,0,0,0,0,1],"userData":{"layer":"Default"}},{"uuid":"6158f85b-5513-467e-b4d7-0b49d801e73d","name":"line 25","type":"Line","geometry":"6f3e4156-2859-477d-be77-a39c7bc89e69","material":"f94b1592-4b16-4d99-bf05-0fa4d677d081","matrix":[1,0,0,0,0,1,0,0,0,0,1,0,0,0,0,1],"userData":{"layer":"Default"}},{"uuid":"d4e51209-8b0d-4344-aabe-ecc2c01eba01","name":"line 26","type":"Line","geometry":"2a506a00-34de-40c6-b542-df84b8c29fbc","material":"f94b1592-4b16-4d99-bf05-0fa4d677d081","matrix":[1,0,0,0,0,1,0,0,0,0,1,0,0,0,0,1],"userData":{"layer":"Default"}},{"uuid":"f50c3672-a71c-43c8-9dd6-3b77bb0ed92e","name":"line 27","type":"Line","geometry":"025cb4d4-fd83-49de-8c4e-a440674cd1d5","material":"f94b1592-4b16-4d99-bf05-0fa4d677d081","matrix":[1,0,0,0,0,1,0,0,0,0,1,0,0,0,0,1],"userData":{"layer":"Default"}}],"userData":{"views":[],"layers":[{"name":"Wall"},{"name":"Window"},{"name":"Default"}]}}}