{"metadata":{"version":4.3,"type":"Object","generator":"Spectacles_Grasshopper_Exporter"},"geometries":[{"uuid":"7251d122-4f2e-444a-925a-edfd77bad054","type":"Geometry","data":{"vertices":[1582.04456,3000.0,2759.30273,1582.04456,0.0,2759.30273,-1069.60596,0.0,107.65239,-1069.60596,3000.0,107.65239,1508.17651,2563.60474,2685.43481,1508.17651,63.60476,2685.43481,-825.27582,63.60476,351.98248,-825.27582,2563.60474,351.98248],"faces":[0,3,7,6,0,4,7,3,0,2,3,6,0,4,3,0,0,1,2,6,0,5,4,0,0,1,6,5,0,5,0,1],"normals":[],"uvs":[],"scale":1,"visible":true,"castShadow":true,"receiveShadow":false,"doubleSided":true,"colors":["0xE6B43C","0xE6B43C","0xE6B43C","0xE6B43C","0xE6B43C","0xE6B43C","0xE6B43C","0xE6B43C"]}},{"uuid":"1949a858-eabc-4182-973f-6cb158f5d03e","type":"Geometry","data":{"vertices":[-3827.32227,3000.0,5340.24268,-3827.32227,0.0,5340.24268,-2519.1748,0.0,4032.09497,-2519.1748,3000.0,4032.09497,-2519.1748,3000.0,4032.09497,-2519.1748,0.0,4032.09497,-1104.9613,0.0,5446.30859,-1104.9613,3000.0,5446.30859,-1104.9613,3000.0,5446.30859,-1104.9613,0.0,5446.30859,1582.04456,0.0,2759.30273,1582.04456,3000.0,2759.30273,-1069.60596,3000.0,107.65239,-1069.60596,0.0,107.65239,-5064.75928,0.0,4102.80566,-5064.75928,3000.0,4102.80566,-5064.75928,3000.0,4102.80566,-5064.75928,0.0,4102.80566,-3827.32227,0.0,5340.24268,-3827.32227,3000.0,5340.24268],"faces":[0,0,1,2,0,0,2,3,0,4,5,6,0,4,6,7,0,8,9,10,0,8,10,11,0,12,13,14,0,12,14,15,0,16,17,18,0,16,18,19],"normals":[],"uvs":[],"scale":1,"visible":true,"castShadow":true,"receiveShadow":false,"doubleSided":true,"colors":["0xE6D796","0xE6D796","0xE6D796","0xE6D796","0xE6D796","0xE6D796","0xE6D796","0xE6D796","0xE6D796","0xE6D796","0xE6D796","0xE6D796","0xE6D796","0xE6D796","0xE6D796","0xE6D796","0xE6D796","0xE6D796","0xE6D796","0xE6D796"]}},{"uuid":"65ae02a2-1056-4a67-a159-1000913161af","type":"Geometry","data":{"vertices":[-1104.9613,3000.0,5446.30859,1582.04456,3000.0,2759.30273,-1069.60596,3000.0,107.65239,-5064.75928,3000.0,4102.80566,-3827.32227,3000.0,5340.24268,-2519.1748,3000.0,4032.09497],"faces":[0,5,0,1,0,1,2,3,0,3,4,5,0,5,1,3],"normals":[],"uvs":[],"scale":1,"visible":true,"castShadow":true,"receiveShadow":false,"doubleSided":true,"colors":["0xFF8080","0xFF8080","0xFF8080","0xFF8080","0xFF8080","0xFF8080"]}},{"uuid":"de0f469a-f442-439f-9566-0b53e8619cae","type":"Geometry","data":{"vertices":[-3827.32227,0.0,5340.24268,-5064.75928,0.0,4102.80566,-1069.60596,0.0,107.65239,1582.04456,0.0,2759.30273,-1104.9613,0.0,5446.30859,-2519.1748,0.0,4032.09497],"faces":[0,5,0,1,0,1,2,3,0,3,4,5,0,5,1,3],"normals":[],"uvs":[],"scale":1,"visible":true,"castShadow":true,"receiveShadow":false,"doubleSided":true,"colors":["0xFF8080","0xFF8080","0xFF8080","0xFF8080","0xFF8080","0xFF8080"]}},{"uuid":"dcacc822-4a86-4067-a0eb-55d84c8e11e5","type":"Geometry","data":{"vertices":[1508.17651,2563.60474,2685.43481,1508.17651,63.60476,2685.43481,-825.27582,63.60476,351.98248,-825.27582,2563.60474,351.98248],"faces":[0,0,1,2,0,0,2,3],"normals":[],"uvs":[],"scale":1,"visible":true,"castShadow":true,"receiveShadow":false,"doubleSided":true,"colors":["0x40B4FF","0x40B4FF","0x40B4FF","0x40B4FF"]}},{"uuid":"be965960-40fa-48e6-a024-7715f2fc1652","type":"Geometry","data":{"vertices":[0.0,0.0,0.0,0.0,0.0,750.0],"normals":[],"uvs":[],"faces":[],"scale":1,"visible":true,"castShadow":true,"receiveShadow":false}},{"uuid":"4803d60b-5512-498c-ac96-76315b9e070a","type":"Geometry","data":{"vertices":[-650.0,0.0,0.0,-610.8002,0.0,222.31309],"normals":[],"uvs":[],"faces":[],"scale":1,"visible":true,"castShadow":true,"receiveShadow":false}},{"uuid":"5f55b33d-cfbf-4bf1-8e90-fbb4383df331","type":"Geometry","data":{"vertices":[-610.8002,0.0,222.31309,-497.92889,0.0,417.81195],"normals":[],"uvs":[],"faces":[],"scale":1,"visible":true,"castShadow":true,"receiveShadow":false}},{"uuid":"76dc9c42-e1de-46cb-9756-4df0156a1a94","type":"Geometry","data":{"vertices":[-497.92889,0.0,417.81195,-325.0,0.0,562.91651],"normals":[],"uvs":[],"faces":[],"scale":1,"visible":true,"castShadow":true,"receiveShadow":false}},{"uuid":"d3bfd730-196c-485b-b395-772e3a3fce38","type":"Geometry","data":{"vertices":[-325.0,0.0,562.91651,-112.87132,0.0,640.12504],"normals":[],"uvs":[],"faces":[],"scale":1,"visible":true,"castShadow":true,"receiveShadow":false}},{"uuid":"39bf0994-4a6a-4d2d-bcba-d606a2a30aa0","type":"Geometry","data":{"vertices":[-112.87132,0.0,640.12504,112.87132,0.0,640.12504],"normals":[],"uvs":[],"faces":[],"scale":1,"visible":true,"castShadow":true,"receiveShadow":false}},{"uuid":"dba981b7-29f0-41da-ba3a-317edf523189","type":"Geometry","data":{"vertices":[112.87132,0.0,640.12504,325.0,0.0,562.91651],"normals":[],"uvs":[],"faces":[],"scale":1,"visible":true,"castShadow":true,"receiveShadow":false}},{"uuid":"bb634b3c-eabe-41cc-a590-6fc9b4d1e888","type":"Geometry","data":{"vertices":[325.0,0.0,562.91651,497.92889,0.0,417.81195],"normals":[],"uvs":[],"faces":[],"scale":1,"visible":true,"castShadow":true,"receiveShadow":false}},{"uuid":"ef991207-001b-4dbd-b286-882f7ed7935f","type":"Geometry","data":{"vertices":[497.92889,0.0,417.81195,610.8002,0.0,222.31309],"normals":[],"uvs":[],"faces":[],"scale":1,"visible":true,"castShadow":true,"receiveShadow":false}},{"uuid":"42c0eb9d-8d50-4245-9920-b03718b269ac","type":"Geometry","data":{"vertices":[610.8002,0.0,222.31309,650.0,0.0,0.0],"normals":[],"uvs":[],"faces":[],"scale":1,"visible":true,"castShadow":true,"receiveShadow":false}},{"uuid":"e4ad0507-fbf3-427c-b30e-50f46e8bc0cb","type":"Geometry","data":{"vertices":[650.0,0.0,0.0,610.8002,0.0,-222.31309],"normals":[],"uvs":[],"faces":[],"scale":1,"visible":true,"castShadow":true,"receiveShadow":false}},{"uuid":"7688b82c-b180-46ef-a214-fa5b17d9e0c5","type":"Geometry","data":{"vertices":[610.8002,0.0,-222.31309,497.92889,0.0,-417.81195],"normals":[],"uvs":[],"faces":[],"scale":1,"visible":true,"castShadow":true,"receiveShadow":false}},{"uuid":"641eaf29-b98b-45e4-9e91-7bdb53b8dc80","type":"Geometry","data":{"vertices":[497.92889,0.0,-417.81195,325.0,0.0,-562.91651],"normals":[],"uvs":[],"faces":[],"scale":1,"visible":true,"castShadow":true,"receiveShadow":false}},{"uuid":"b52af428-1cb9-44ce-8b34-332c7d7d2d75","type":"Geometry","data":{"vertices":[325.0,0.0,-562.91651,112.87132,0.0,-640.12504],"normals":[],"uvs":[],"faces":[],"scale":1,"visible":true,"castShadow":true,"receiveShadow":false}},{"uuid":"021f9cd7-d51a-4881-acf8-6566c57f5dd1","type":"Geometry","data":{"vertices":[112.87132,0.0,-640.12504,-112.87132,0.0,-640.12504],"normals":[],"uvs":[],"faces":[],"scale":1,"visible":true,"castShadow":true,"receiveShadow":false}},{"uuid":"197fd5d9-ab9f-4bdd-8f3a-279e8c8ad0fb","type":"Geometry","data":{"vertices":[-112.87132,0.0,-640.12504,-325.0,0.0,-562.91651],"normals":[],"uvs":[],"faces":[],"scale":1,"visible":true,"castShadow":true,"receiveShadow":false}},{"uuid":"475c97b8-2734-4205-8146-6f5ae61e7e2e","type":"Geometry","data":{"vertices":[-325.0,0.0,-562.91651,-497.92889,0.0,-417.81195],"normals":[],"uvs":[],"faces":[],"scale":1,"visible":true,"castShadow":true,"receiveShadow":false}},{"uuid":"bd52c56b-4017-4fb8-ae93-335da9ac1f20","type":"Geometry","data":{"vertices":[-497.92889,0.0,-417.81195,-610.8002,0.0,-222.31309],"normals":[],"uvs":[],"faces":[],"scale":1,"visible":true,"castShadow":true,"receiveShadow":false}},{"uuid":"e7505e15-505f-49bc-a66a-cc065fdbeb9d","type":"Geometry","data":{"vertices":[-610.8002,0.0,-222.31309,-650.0,0.0,0.0],"normals":[],"uvs":[],"faces":[],"scale":1,"visible":true,"castShadow":true,"receiveShadow":false}},{"uuid":"e5bd50b4-0a2b-414a-abfb-40cc498199ce","type":"Geometry","data":{"vertices":[0.0,0.0,500.0,0.0,0.0,750.0],"normals":[],"uvs":[],"faces":[],"scale":1,"visible":true,"castShadow":true,"receiveShadow":false}},{"uuid":"527afdbd-2f0b-4e43-ba91-ebd0936997bd","type":"Geometry","data":{"vertices":[-500.0,0.0,0.0,-750.0,0.0,0.0],"normals":[],"uvs":[],"faces":[],"scale":1,"visible":true,"castShadow":true,"receiveShadow":false}},{"uuid":"175f9b36-5cee-48ac-9aa0-c742984643cc","type":"Geometry","data":{"vertices":[0.0,0.0,-500.0,0.0,0.0,-750.0],"normals":[],"uvs":[],"faces":[],"scale":1,"visible":true,"castShadow":true,"receiveShadow":false}},{"uuid":"3f447335-c347-4076-9459-ca1e6e6c4049","type":"Geometry","data":{"vertices":[500.0,0.0,0.0,750.0,0.0,0.0],"normals":[],"uvs":[],"faces":[],"scale":1,"visible":true,"castShadow":true,"receiveShadow":false}}],"materials":[{"uuid":"03da3438-315c-4c3d-89b6-6a9a1918dec0","type":"MeshLambertMaterial","color":"0xFFCB3B","ambient":"0xFFCB3B","emissive":"0x000000","side":2,"opacity":1.0,"transparent":true,"shading":1,"vertexColors":0},{"uuid":"8845505a-f941-41b5-af5b-867b65e48ff8","type":"MeshLambertMaterial","color":"0xFFFFC7","ambient":"0xFFFFC7","emissive":"0x000000","side":2,"opacity":0.4,"transparent":true,"shading":1,"vertexColors":0},{"uuid":"c33e9252-3d52-4ba1-a8b9-d59a89baac86","type":"MeshLambertMaterial","color":"0x2A56F5","ambient":"0x2A56F5","emissive":"0x000000","side":2,"opacity":0.8,"transparent":true,"shading":1,"vertexColors":0},{"uuid":"8daf5f9c-57f6-4010-a879-b698f214fea0","type":"LineBasicMaterial","color":"0x000000","linewidth":1.0,"opacity":1.0}],"object":{"uuid":"b722d6b5-fbc2-44bc-82be-c4b61926953b","type":"Scene","matrix":[1,0,0,0,0,1,0,0,0,0,1,0,0,0,0,1],"children":[{"uuid":"c8bf130a-5109-4dfc-a3f1-c369caa55563","name":"mesh0","type":"Mesh","geometry":"7251d122-4f2e-444a-925a-edfd77bad054","material":"03da3438-315c-4c3d-89b6-6a9a1918dec0","matrix":[1,0,0,0,0,1,0,0,0,0,1,0,0,0,0,1],"userData":{"Material":"Wall","layer":"Wall"}},{"uuid":"3f6a9d8e-969e-4d06-abb7-2ab97ad65c58","name":"mesh1","type":"Mesh","geometry":"1949a858-eabc-4182-973f-6cb158f5d03e","material":"8845505a-f941-41b5-af5b-867b65e48ff8","matrix":[1,0,0,0,0,1,0,0,0,0,1,0,0,0,0,1],"userData":{"Material":"Wall","layer":"Wall"}},{"uuid":"ca39fd47-d52c-4711-b97b-2d2ef8a2f3fa","name":"mesh2","type":"Mesh","geometry":"65ae02a2-1056-4a67-a159-1000913161af","material":"8845505a-f941-41b5-af5b-867b65e48ff8","matrix":[1,0,0,0,0,1,0,0,0,0,1,0,0,0,0,1],"userData":{"Material":"Wall","layer":"Wall"}},{"uuid":"4ffd5c7c-caa6-43b4-966e-4d461452a1fe","name":"mesh3","type":"Mesh","geometry":"de0f469a-f442-439f-9566-0b53e8619cae","material":"8845505a-f941-41b5-af5b-867b65e48ff8","matrix":[1,0,0,0,0,1,0,0,0,0,1,0,0,0,0,1],"userData":{"Material":"Wall","layer":"Wall"}},{"uuid":"86b75c27-f50c-434e-bce2-e85d4e953081","name":"mesh4","type":"Mesh","geometry":"dcacc822-4a86-4067-a0eb-55d84c8e11e5","material":"c33e9252-3d52-4ba1-a8b9-d59a89baac86","matrix":[1,0,0,0,0,1,0,0,0,0,1,0,0,0,0,1],"userData":{"Material":"Wall","layer":"Window"}},{"uuid":"7cbf10d8-94d5-4fa6-b319-140509997342","name":"line 5","type":"Line","geometry":"be965960-40fa-48e6-a024-7715f2fc1652","material":"8daf5f9c-57f6-4010-a879-b698f214fea0","matrix":[1,0,0,0,0,1,0,0,0,0,1,0,0,0,0,1],"userData":{"layer":"Default"}},{"uuid":"50295607-fb81-4817-a2eb-df91d29fb630","name":"line 6","type":"Line","geometry":"4803d60b-5512-498c-ac96-76315b9e070a","material":"8daf5f9c-57f6-4010-a879-b698f214fea0","matrix":[1,0,0,0,0,1,0,0,0,0,1,0,0,0,0,1],"userData":{"layer":"Default"}},{"uuid":"a8a831ff-36f0-40d8-82be-1a5e18ac7804","name":"line 7","type":"Line","geometry":"5f55b33d-cfbf-4bf1-8e90-fbb4383df331","material":"8daf5f9c-57f6-4010-a879-b698f214fea0","matrix":[1,0,0,0,0,1,0,0,0,0,1,0,0,0,0,1],"userData":{"layer":"Default"}},{"uuid":"0c779269-a854-4da8-b104-28822603a705","name":"line 8","type":"Line","geometry":"76dc9c42-e1de-46cb-9756-4df0156a1a94","material":"8daf5f9c-57f6-4010-a879-b698f214fea0","matrix":[1,0,0,0,0,1,0,0,0,0,1,0,0,0,0,1],"userData":{"layer":"Default"}},{"uuid":"6c55beb3-f1e6-4872-b25b-9b9c263b09d3","name":"line 9","type":"Line","geometry":"d3bfd730-196c-485b-b395-772e3a3fce38","material":"8daf5f9c-57f6-4010-a879-b698f214fea0","matrix":[1,0,0,0,0,1,0,0,0,0,1,0,0,0,0,1],"userData":{"layer":"Default"}},{"uuid":"8da6a658-cb36-459b-a450-51046c13c8a8","name":"line 10","type":"Line","geometry":"39bf0994-4a6a-4d2d-bcba-d606a2a30aa0","material":"8daf5f9c-57f6-4010-a879-b698f214fea0","matrix":[1,0,0,0,0,1,0,0,0,0,1,0,0,0,0,1],"userData":{"layer":"Default"}},{"uuid":"9d05271f-b81c-44e3-bfae-392858be0afa","name":"line 11","type":"Line","geometry":"dba981b7-29f0-41da-ba3a-317edf523189","material":"8daf5f9c-57f6-4010-a879-b698f214fea0","matrix":[1,0,0,0,0,1,0,0,0,0,1,0,0,0,0,1],"userData":{"layer":"Default"}},{"uuid":"a47b8bb7-bb38-4b36-8e4d-48812135b798","name":"line 12","type":"Line","geometry":"bb634b3c-eabe-41cc-a590-6fc9b4d1e888","material":"8daf5f9c-57f6-4010-a879-b698f214fea0","matrix":[1,0,0,0,0,1,0,0,0,0,1,0,0,0,0,1],"userData":{"layer":"Default"}},{"uuid":"a43b2fec-1b3e-4515-b3f4-8f275aa1ce75","name":"line 13","type":"Line","geometry":"ef991207-001b-4dbd-b286-882f7ed7935f","material":"8daf5f9c-57f6-4010-a879-b698f214fea0","matrix":[1,0,0,0,0,1,0,0,0,0,1,0,0,0,0,1],"userData":{"layer":"Default"}},{"uuid":"8322b01e-83bf-4dd3-b5f5-111ed5106db4","name":"line 14","type":"Line","geometry":"42c0eb9d-8d50-4245-9920-b03718b269ac","material":"8daf5f9c-57f6-4010-a879-b698f214fea0","matrix":[1,0,0,0,0,1,0,0,0,0,1,0,0,0,0,1],"userData":{"layer":"Default"}},{"uuid":"3dbb7d79-3e45-4354-a53e-0b94a4bd957a","name":"line 15","type":"Line","geometry":"e4ad0507-fbf3-427c-b30e-50f46e8bc0cb","material":"8daf5f9c-57f6-4010-a879-b698f214fea0","matrix":[1,0,0,0,0,1,0,0,0,0,1,0,0,0,0,1],"userData":{"layer":"Default"}},{"uuid":"25140114-cacb-40a2-9bd1-08b13d013ac0","name":"line 16","type":"Line","geometry":"7688b82c-b180-46ef-a214-fa5b17d9e0c5","material":"8daf5f9c-57f6-4010-a879-b698f214fea0","matrix":[1,0,0,0,0,1,0,0,0,0,1,0,0,0,0,1],"userData":{"layer":"Default"}},{"uuid":"6091c272-8151-4eef-a10a-ee22f34fe39a","name":"line 17","type":"Line","geometry":"641eaf29-b98b-45e4-9e91-7bdb53b8dc80","material":"8daf5f9c-57f6-4010-a879-b698f214fea0","matrix":[1,0,0,0,0,1,0,0,0,0,1,0,0,0,0,1],"userData":{"layer":"Default"}},{"uuid":"692c9142-bcfc-467b-a686-16d2d36abf40","name":"line 18","type":"Line","geometry":"b52af428-1cb9-44ce-8b34-332c7d7d2d75","material":"8daf5f9c-57f6-4010-a879-b698f214fea0","matrix":[1,0,0,0,0,1,0,0,0,0,1,0,0,0,0,1],"userData":{"layer":"Default"}},{"uuid":"cae99b07-d496-4018-9aa7-7311d7df21fe","name":"line 19","type":"Line","geometry":"021f9cd7-d51a-4881-acf8-6566c57f5dd1","material":"8daf5f9c-57f6-4010-a879-b698f214fea0","matrix":[1,0,0,0,0,1,0,0,0,0,1,0,0,0,0,1],"userData":{"layer":"Default"}},{"uuid":"07f1fa6e-e541-4546-bce6-043ce372579d","name":"line 20","type":"Line","geometry":"197fd5d9-ab9f-4bdd-8f3a-279e8c8ad0fb","material":"8daf5f9c-57f6-4010-a879-b698f214fea0","matrix":[1,0,0,0,0,1,0,0,0,0,1,0,0,0,0,1],"userData":{"layer":"Default"}},{"uuid":"633234b5-6abe-4ed9-9729-6b67b71fcfc2","name":"line 21","type":"Line","geometry":"475c97b8-2734-4205-8146-6f5ae61e7e2e","material":"8daf5f9c-57f6-4010-a879-b698f214fea0","matrix":[1,0,0,0,0,1,0,0,0,0,1,0,0,0,0,1],"userData":{"layer":"Default"}},{"uuid":"116e9213-0390-413f-b1bb-51c1d5b931ec","name":"line 22","type":"Line","geometry":"bd52c56b-4017-4fb8-ae93-335da9ac1f20","material":"8daf5f9c-57f6-4010-a879-b698f214fea0","matrix":[1,0,0,0,0,1,0,0,0,0,1,0,0,0,0,1],"userData":{"layer":"Default"}},{"uuid":"7ca7bfee-3d41-44c8-8e05-5ee1a5b7a9fe","name":"line 23","type":"Line","geometry":"e7505e15-505f-49bc-a66a-cc065fdbeb9d","material":"8daf5f9c-57f6-4010-a879-b698f214fea0","matrix":[1,0,0,0,0,1,0,0,0,0,1,0,0,0,0,1],"userData":{"layer":"Default"}},{"uuid":"1c9fae2a-b58d-49a3-8ae9-600305baa1af","name":"line 24","type":"Line","geometry":"e5bd50b4-0a2b-414a-abfb-40cc498199ce","material":"8daf5f9c-57f6-4010-a879-b698f214fea0","matrix":[1,0,0,0,0,1,0,0,0,0,1,0,0,0,0,1],"userData":{"layer":"Default"}},{"uuid":"3ce2f31f-b122-42dc-9fd6-c4331c349d94","name":"line 25","type":"Line","geometry":"527afdbd-2f0b-4e43-ba91-ebd0936997bd","material":"8daf5f9c-57f6-4010-a879-b698f214fea0","matrix":[1,0,0,0,0,1,0,0,0,0,1,0,0,0,0,1],"userData":{"layer":"Default"}},{"uuid":"38cf0ccd-12bb-40d0-a727-3c091060db31","name":"line 26","type":"Line","geometry":"175f9b36-5cee-48ac-9aa0-c742984643cc","material":"8daf5f9c-57f6-4010-a879-b698f214fea0","matrix":[1,0,0,0,0,1,0,0,0,0,1,0,0,0,0,1],"userData":{"layer":"Default"}},{"uuid":"827d9291-292c-4fda-ae25-6df7c36889ed","name":"line 27","type":"Line","geometry":"3f447335-c347-4076-9459-ca1e6e6c4049","material":"8daf5f9c-57f6-4010-a879-b698f214fea0","matrix":[1,0,0,0,0,1,0,0,0,0,1,0,0,0,0,1],"userData":{"layer":"Default"}}],"userData":{"views":[],"layers":[{"name":"Wall"},{"name":"Window"},{"name":"Default"}]}}}