{"metadata":{"version":4.3,"type":"Object","generator":"Spectacles_Grasshopper_Exporter"},"geometries":[{"uuid":"57e83954-5d89-46ff-9c0b-ce13a808fce3","type":"Geometry","data":{"vertices":[1582.04456,3000.0,2759.30273,1582.04456,0.0,2759.30273,-1069.60596,0.0,107.65239,-1069.60596,3000.0,107.65239,1508.17651,2563.60474,2685.43481,1508.17651,863.60474,2685.43481,-1037.40784,863.60474,139.85046,-1037.40784,2563.60474,139.85046],"faces":[0,3,7,6,0,4,7,3,0,2,3,6,0,4,3,0,0,1,2,6,0,5,4,0,0,1,6,5,0,5,0,1],"normals":[],"uvs":[],"scale":1,"visible":true,"castShadow":true,"receiveShadow":false,"doubleSided":true,"colors":["0xE6B43C","0xE6B43C","0xE6B43C","0xE6B43C","0xE6B43C","0xE6B43C","0xE6B43C","0xE6B43C"]}},{"uuid":"9204c4ef-aa55-4e35-b54a-77a49e9ba8af","type":"Geometry","data":{"vertices":[-3827.32227,3000.0,5340.24268,-3827.32227,0.0,5340.24268,-2519.1748,0.0,4032.09497,-2519.1748,3000.0,4032.09497,-2519.1748,3000.0,4032.09497,-2519.1748,0.0,4032.09497,-1104.9613,0.0,5446.30859,-1104.9613,3000.0,5446.30859,-1104.9613,3000.0,5446.30859,-1104.9613,0.0,5446.30859,1582.04456,0.0,2759.30273,1582.04456,3000.0,2759.30273,-1069.60596,3000.0,107.65239,-1069.60596,0.0,107.65239,-5064.75928,0.0,4102.80566,-5064.75928,3000.0,4102.80566,-5064.75928,3000.0,4102.80566,-5064.75928,0.0,4102.80566,-3827.32227,0.0,5340.24268,-3827.32227,3000.0,5340.24268],"faces":[0,0,1,2,0,0,2,3,0,4,5,6,0,4,6,7,0,8,9,10,0,8,10,11,0,12,13,14,0,12,14,15,0,16,17,18,0,16,18,19],"normals":[],"uvs":[],"scale":1,"visible":true,"castShadow":true,"receiveShadow":false,"doubleSided":true,"colors":["0xE6D796","0xE6D796","0xE6D796","0xE6D796","0xE6D796","0xE6D796","0xE6D796","0xE6D796","0xE6D796","0xE6D796","0xE6D796","0xE6D796","0xE6D796","0xE6D796","0xE6D796","0xE6D796","0xE6D796","0xE6D796","0xE6D796","0xE6D796"]}},{"uuid":"c87eb2f8-d54a-4803-82ff-f3c2845d31a2","type":"Geometry","data":{"vertices":[-1104.9613,3000.0,5446.30859,1582.04456,3000.0,2759.30273,-1069.60596,3000.0,107.65239,-5064.75928,3000.0,4102.80566,-3827.32227,3000.0,5340.24268,-2519.1748,3000.0,4032.09497],"faces":[0,5,0,1,0,1,2,3,0,3,4,5,0,5,1,3],"normals":[],"uvs":[],"scale":1,"visible":true,"castShadow":true,"receiveShadow":false,"doubleSided":true,"colors":["0xFF8080","0xFF8080","0xFF8080","0xFF8080","0xFF8080","0xFF8080"]}},{"uuid":"f1740b15-9dd2-401c-8367-df453779650f","type":"Geometry","data":{"vertices":[-3827.32227,0.0,5340.24268,-5064.75928,0.0,4102.80566,-1069.60596,0.0,107.65239,1582.04456,0.0,2759.30273,-1104.9613,0.0,5446.30859,-2519.1748,0.0,4032.09497],"faces":[0,5,0,1,0,1,2,3,0,3,4,5,0,5,1,3],"normals":[],"uvs":[],"scale":1,"visible":true,"castShadow":true,"receiveShadow":false,"doubleSided":true,"colors":["0xFF8080","0xFF8080","0xFF8080","0xFF8080","0xFF8080","0xFF8080"]}},{"uuid":"7533e47c-d1de-4d33-a68d-2b8c7e3ad16b","type":"Geometry","data":{"vertices":[1508.17651,2563.60474,2685.43481,1508.17651,863.60474,2685.43481,-1037.40784,863.60474,139.85046,-1037.40784,2563.60474,139.85046],"faces":[0,0,1,2,0,0,2,3],"normals":[],"uvs":[],"scale":1,"visible":true,"castShadow":true,"receiveShadow":false,"doubleSided":true,"colors":["0x40B4FF","0x40B4FF","0x40B4FF","0x40B4FF"]}},{"uuid":"deede64a-c2ac-4834-ace7-a0346452786d","type":"Geometry","data":{"vertices":[0.0,0.0,0.0,0.0,0.0,750.0],"normals":[],"uvs":[],"faces":[],"scale":1,"visible":true,"castShadow":true,"receiveShadow":false}},{"uuid":"70b1efff-72b6-4d10-969e-9bfbeab11f7a","type":"Geometry","data":{"vertices":[-650.0,0.0,0.0,-610.8002,0.0,222.31309],"normals":[],"uvs":[],"faces":[],"scale":1,"visible":true,"castShadow":true,"receiveShadow":false}},{"uuid":"54dc1da5-f1b3-4de5-997b-871afb911eb2","type":"Geometry","data":{"vertices":[-610.8002,0.0,222.31309,-497.92889,0.0,417.81195],"normals":[],"uvs":[],"faces":[],"scale":1,"visible":true,"castShadow":true,"receiveShadow":false}},{"uuid":"fb5a19f1-0812-4f4f-9ae8-ede63ac36ce1","type":"Geometry","data":{"vertices":[-497.92889,0.0,417.81195,-325.0,0.0,562.91651],"normals":[],"uvs":[],"faces":[],"scale":1,"visible":true,"castShadow":true,"receiveShadow":false}},{"uuid":"0f524fb3-5a45-45b4-8e15-37c6fa3346fa","type":"Geometry","data":{"vertices":[-325.0,0.0,562.91651,-112.87132,0.0,640.12504],"normals":[],"uvs":[],"faces":[],"scale":1,"visible":true,"castShadow":true,"receiveShadow":false}},{"uuid":"7737ae6d-4fed-4a52-9bb6-9c027eac8fb2","type":"Geometry","data":{"vertices":[-112.87132,0.0,640.12504,112.87132,0.0,640.12504],"normals":[],"uvs":[],"faces":[],"scale":1,"visible":true,"castShadow":true,"receiveShadow":false}},{"uuid":"1265d306-fae4-451e-99fd-1d8b675fd32a","type":"Geometry","data":{"vertices":[112.87132,0.0,640.12504,325.0,0.0,562.91651],"normals":[],"uvs":[],"faces":[],"scale":1,"visible":true,"castShadow":true,"receiveShadow":false}},{"uuid":"c2a8f349-cd7b-44e6-9904-a7b4b12b99f0","type":"Geometry","data":{"vertices":[325.0,0.0,562.91651,497.92889,0.0,417.81195],"normals":[],"uvs":[],"faces":[],"scale":1,"visible":true,"castShadow":true,"receiveShadow":false}},{"uuid":"ce9b3257-b840-4723-8a63-b2be959502f8","type":"Geometry","data":{"vertices":[497.92889,0.0,417.81195,610.8002,0.0,222.31309],"normals":[],"uvs":[],"faces":[],"scale":1,"visible":true,"castShadow":true,"receiveShadow":false}},{"uuid":"9f49973b-ef5a-4d20-859e-0daf4d481c6d","type":"Geometry","data":{"vertices":[610.8002,0.0,222.31309,650.0,0.0,0.0],"normals":[],"uvs":[],"faces":[],"scale":1,"visible":true,"castShadow":true,"receiveShadow":false}},{"uuid":"b95b6564-2b55-48e0-9bb9-aa01e12b7aad","type":"Geometry","data":{"vertices":[650.0,0.0,0.0,610.8002,0.0,-222.31309],"normals":[],"uvs":[],"faces":[],"scale":1,"visible":true,"castShadow":true,"receiveShadow":false}},{"uuid":"dcb4aa07-e980-432f-8c56-1ca729d68ce3","type":"Geometry","data":{"vertices":[610.8002,0.0,-222.31309,497.92889,0.0,-417.81195],"normals":[],"uvs":[],"faces":[],"scale":1,"visible":true,"castShadow":true,"receiveShadow":false}},{"uuid":"cd457ebb-f662-47e9-93c4-fa6397ef5594","type":"Geometry","data":{"vertices":[497.92889,0.0,-417.81195,325.0,0.0,-562.91651],"normals":[],"uvs":[],"faces":[],"scale":1,"visible":true,"castShadow":true,"receiveShadow":false}},{"uuid":"943942df-db5d-419c-ab61-d278277a1d0f","type":"Geometry","data":{"vertices":[325.0,0.0,-562.91651,112.87132,0.0,-640.12504],"normals":[],"uvs":[],"faces":[],"scale":1,"visible":true,"castShadow":true,"receiveShadow":false}},{"uuid":"32f90168-7b0f-4d85-9157-20297df66f2f","type":"Geometry","data":{"vertices":[112.87132,0.0,-640.12504,-112.87132,0.0,-640.12504],"normals":[],"uvs":[],"faces":[],"scale":1,"visible":true,"castShadow":true,"receiveShadow":false}},{"uuid":"f0c9f4d3-373a-45ad-8a7a-a176393c7a30","type":"Geometry","data":{"vertices":[-112.87132,0.0,-640.12504,-325.0,0.0,-562.91651],"normals":[],"uvs":[],"faces":[],"scale":1,"visible":true,"castShadow":true,"receiveShadow":false}},{"uuid":"8e899616-2786-4fcc-90fa-fbd2c1a1d971","type":"Geometry","data":{"vertices":[-325.0,0.0,-562.91651,-497.92889,0.0,-417.81195],"normals":[],"uvs":[],"faces":[],"scale":1,"visible":true,"castShadow":true,"receiveShadow":false}},{"uuid":"1b90e2a2-e5e3-4afc-beed-b9347d81b453","type":"Geometry","data":{"vertices":[-497.92889,0.0,-417.81195,-610.8002,0.0,-222.31309],"normals":[],"uvs":[],"faces":[],"scale":1,"visible":true,"castShadow":true,"receiveShadow":false}},{"uuid":"38c44fd1-0005-45d9-b898-e54a4b2559ba","type":"Geometry","data":{"vertices":[-610.8002,0.0,-222.31309,-650.0,0.0,0.0],"normals":[],"uvs":[],"faces":[],"scale":1,"visible":true,"castShadow":true,"receiveShadow":false}},{"uuid":"83b9ea08-a8ae-4da1-9555-487157019b65","type":"Geometry","data":{"vertices":[0.0,0.0,500.0,0.0,0.0,750.0],"normals":[],"uvs":[],"faces":[],"scale":1,"visible":true,"castShadow":true,"receiveShadow":false}},{"uuid":"f4d98182-6685-45b3-bee2-91b8916c2737","type":"Geometry","data":{"vertices":[-500.0,0.0,0.0,-750.0,0.0,0.0],"normals":[],"uvs":[],"faces":[],"scale":1,"visible":true,"castShadow":true,"receiveShadow":false}},{"uuid":"e3f6ea6d-77cf-4c4e-b006-485ca08ddbc0","type":"Geometry","data":{"vertices":[0.0,0.0,-500.0,0.0,0.0,-750.0],"normals":[],"uvs":[],"faces":[],"scale":1,"visible":true,"castShadow":true,"receiveShadow":false}},{"uuid":"c03b1e93-32d4-41ea-9d55-45ec5484df78","type":"Geometry","data":{"vertices":[500.0,0.0,0.0,750.0,0.0,0.0],"normals":[],"uvs":[],"faces":[],"scale":1,"visible":true,"castShadow":true,"receiveShadow":false}}],"materials":[{"uuid":"03da3438-315c-4c3d-89b6-6a9a1918dec0","type":"MeshLambertMaterial","color":"0xFFCB3B","ambient":"0xFFCB3B","emissive":"0x000000","side":2,"opacity":1.0,"transparent":true,"shading":1,"vertexColors":0},{"uuid":"8845505a-f941-41b5-af5b-867b65e48ff8","type":"MeshLambertMaterial","color":"0xFFFFC7","ambient":"0xFFFFC7","emissive":"0x000000","side":2,"opacity":0.4,"transparent":true,"shading":1,"vertexColors":0},{"uuid":"c33e9252-3d52-4ba1-a8b9-d59a89baac86","type":"MeshLambertMaterial","color":"0x2A56F5","ambient":"0x2A56F5","emissive":"0x000000","side":2,"opacity":0.8,"transparent":true,"shading":1,"vertexColors":0},{"uuid":"af76a257-d1cd-486e-9048-afb3222f1026","type":"LineBasicMaterial","color":"0x000000","linewidth":1.0,"opacity":1.0}],"object":{"uuid":"d2cca28a-55cf-459c-a5f8-ba351f8d36ee","type":"Scene","matrix":[1,0,0,0,0,1,0,0,0,0,1,0,0,0,0,1],"children":[{"uuid":"0207fb1b-fd74-458d-ad21-d29eaa306456","name":"mesh0","type":"Mesh","geometry":"57e83954-5d89-46ff-9c0b-ce13a808fce3","material":"03da3438-315c-4c3d-89b6-6a9a1918dec0","matrix":[1,0,0,0,0,1,0,0,0,0,1,0,0,0,0,1],"userData":{"Material":"Wall","layer":"Wall"}},{"uuid":"d1fb76a7-4c29-4247-94cb-6f9281b9e94d","name":"mesh1","type":"Mesh","geometry":"9204c4ef-aa55-4e35-b54a-77a49e9ba8af","material":"8845505a-f941-41b5-af5b-867b65e48ff8","matrix":[1,0,0,0,0,1,0,0,0,0,1,0,0,0,0,1],"userData":{"Material":"Wall","layer":"Wall"}},{"uuid":"f9b6c68d-1268-47c6-85b4-d3b3d6885ca4","name":"mesh2","type":"Mesh","geometry":"c87eb2f8-d54a-4803-82ff-f3c2845d31a2","material":"8845505a-f941-41b5-af5b-867b65e48ff8","matrix":[1,0,0,0,0,1,0,0,0,0,1,0,0,0,0,1],"userData":{"Material":"Wall","layer":"Wall"}},{"uuid":"6aa38d20-46aa-41f6-9798-7e68de54f18e","name":"mesh3","type":"Mesh","geometry":"f1740b15-9dd2-401c-8367-df453779650f","material":"8845505a-f941-41b5-af5b-867b65e48ff8","matrix":[1,0,0,0,0,1,0,0,0,0,1,0,0,0,0,1],"userData":{"Material":"Wall","layer":"Wall"}},{"uuid":"cfbc607b-1f94-40c6-ab0c-4e57e791e7f1","name":"mesh4","type":"Mesh","geometry":"7533e47c-d1de-4d33-a68d-2b8c7e3ad16b","material":"c33e9252-3d52-4ba1-a8b9-d59a89baac86","matrix":[1,0,0,0,0,1,0,0,0,0,1,0,0,0,0,1],"userData":{"Material":"Wall","layer":"Window"}},{"uuid":"bfc082a0-3510-4079-a2a6-f17fbb25061c","name":"line 5","type":"Line","geometry":"deede64a-c2ac-4834-ace7-a0346452786d","material":"af76a257-d1cd-486e-9048-afb3222f1026","matrix":[1,0,0,0,0,1,0,0,0,0,1,0,0,0,0,1],"userData":{"layer":"Default"}},{"uuid":"b5b7eac2-e202-47b8-b128-43934b741ac9","name":"line 6","type":"Line","geometry":"70b1efff-72b6-4d10-969e-9bfbeab11f7a","material":"af76a257-d1cd-486e-9048-afb3222f1026","matrix":[1,0,0,0,0,1,0,0,0,0,1,0,0,0,0,1],"userData":{"layer":"Default"}},{"uuid":"319c00ce-1f79-439f-ab8d-29523f100ef9","name":"line 7","type":"Line","geometry":"54dc1da5-f1b3-4de5-997b-871afb911eb2","material":"af76a257-d1cd-486e-9048-afb3222f1026","matrix":[1,0,0,0,0,1,0,0,0,0,1,0,0,0,0,1],"userData":{"layer":"Default"}},{"uuid":"27375355-9281-40b2-acaf-97572e378fba","name":"line 8","type":"Line","geometry":"fb5a19f1-0812-4f4f-9ae8-ede63ac36ce1","material":"af76a257-d1cd-486e-9048-afb3222f1026","matrix":[1,0,0,0,0,1,0,0,0,0,1,0,0,0,0,1],"userData":{"layer":"Default"}},{"uuid":"89e2cbd6-e2a8-4a0f-8e32-fb40cba62a67","name":"line 9","type":"Line","geometry":"0f524fb3-5a45-45b4-8e15-37c6fa3346fa","material":"af76a257-d1cd-486e-9048-afb3222f1026","matrix":[1,0,0,0,0,1,0,0,0,0,1,0,0,0,0,1],"userData":{"layer":"Default"}},{"uuid":"6b44a740-24f0-4d42-970e-4ec6a4100707","name":"line 10","type":"Line","geometry":"7737ae6d-4fed-4a52-9bb6-9c027eac8fb2","material":"af76a257-d1cd-486e-9048-afb3222f1026","matrix":[1,0,0,0,0,1,0,0,0,0,1,0,0,0,0,1],"userData":{"layer":"Default"}},{"uuid":"8edd09fd-8133-411a-8985-4daaa31b4c5d","name":"line 11","type":"Line","geometry":"1265d306-fae4-451e-99fd-1d8b675fd32a","material":"af76a257-d1cd-486e-9048-afb3222f1026","matrix":[1,0,0,0,0,1,0,0,0,0,1,0,0,0,0,1],"userData":{"layer":"Default"}},{"uuid":"eef351cc-fdfc-42bb-a08b-166ababd9feb","name":"line 12","type":"Line","geometry":"c2a8f349-cd7b-44e6-9904-a7b4b12b99f0","material":"af76a257-d1cd-486e-9048-afb3222f1026","matrix":[1,0,0,0,0,1,0,0,0,0,1,0,0,0,0,1],"userData":{"layer":"Default"}},{"uuid":"3eef0223-370b-4931-a391-bf84d650c88b","name":"line 13","type":"Line","geometry":"ce9b3257-b840-4723-8a63-b2be959502f8","material":"af76a257-d1cd-486e-9048-afb3222f1026","matrix":[1,0,0,0,0,1,0,0,0,0,1,0,0,0,0,1],"userData":{"layer":"Default"}},{"uuid":"350f0d6d-0aca-4247-aa5c-c2ea0329ed62","name":"line 14","type":"Line","geometry":"9f49973b-ef5a-4d20-859e-0daf4d481c6d","material":"af76a257-d1cd-486e-9048-afb3222f1026","matrix":[1,0,0,0,0,1,0,0,0,0,1,0,0,0,0,1],"userData":{"layer":"Default"}},{"uuid":"f7e9a8bc-1bd9-41a1-9353-8e3f8814d4fe","name":"line 15","type":"Line","geometry":"b95b6564-2b55-48e0-9bb9-aa01e12b7aad","material":"af76a257-d1cd-486e-9048-afb3222f1026","matrix":[1,0,0,0,0,1,0,0,0,0,1,0,0,0,0,1],"userData":{"layer":"Default"}},{"uuid":"cf2da379-bfda-45f7-bb0c-e80d7e23bfd2","name":"line 16","type":"Line","geometry":"dcb4aa07-e980-432f-8c56-1ca729d68ce3","material":"af76a257-d1cd-486e-9048-afb3222f1026","matrix":[1,0,0,0,0,1,0,0,0,0,1,0,0,0,0,1],"userData":{"layer":"Default"}},{"uuid":"b7371048-076b-43bf-85e7-dfd4409e34d5","name":"line 17","type":"Line","geometry":"cd457ebb-f662-47e9-93c4-fa6397ef5594","material":"af76a257-d1cd-486e-9048-afb3222f1026","matrix":[1,0,0,0,0,1,0,0,0,0,1,0,0,0,0,1],"userData":{"layer":"Default"}},{"uuid":"6a39fb9c-a174-4ebb-a3c5-0f5632f6abd6","name":"line 18","type":"Line","geometry":"943942df-db5d-419c-ab61-d278277a1d0f","material":"af76a257-d1cd-486e-9048-afb3222f1026","matrix":[1,0,0,0,0,1,0,0,0,0,1,0,0,0,0,1],"userData":{"layer":"Default"}},{"uuid":"699b8dda-34d4-4808-9e35-a25692eb7997","name":"line 19","type":"Line","geometry":"32f90168-7b0f-4d85-9157-20297df66f2f","material":"af76a257-d1cd-486e-9048-afb3222f1026","matrix":[1,0,0,0,0,1,0,0,0,0,1,0,0,0,0,1],"userData":{"layer":"Default"}},{"uuid":"a3df4ece-7e81-4654-bc51-b094f53f8102","name":"line 20","type":"Line","geometry":"f0c9f4d3-373a-45ad-8a7a-a176393c7a30","material":"af76a257-d1cd-486e-9048-afb3222f1026","matrix":[1,0,0,0,0,1,0,0,0,0,1,0,0,0,0,1],"userData":{"layer":"Default"}},{"uuid":"331ea7d7-93f8-437e-9e72-71fec23c25fe","name":"line 21","type":"Line","geometry":"8e899616-2786-4fcc-90fa-fbd2c1a1d971","material":"af76a257-d1cd-486e-9048-afb3222f1026","matrix":[1,0,0,0,0,1,0,0,0,0,1,0,0,0,0,1],"userData":{"layer":"Default"}},{"uuid":"bc7a0ea8-1fbb-4b3f-a46a-98d19f228209","name":"line 22","type":"Line","geometry":"1b90e2a2-e5e3-4afc-beed-b9347d81b453","material":"af76a257-d1cd-486e-9048-afb3222f1026","matrix":[1,0,0,0,0,1,0,0,0,0,1,0,0,0,0,1],"userData":{"layer":"Default"}},{"uuid":"77fc7f7d-1677-4244-9e80-96f38f4143da","name":"line 23","type":"Line","geometry":"38c44fd1-0005-45d9-b898-e54a4b2559ba","material":"af76a257-d1cd-486e-9048-afb3222f1026","matrix":[1,0,0,0,0,1,0,0,0,0,1,0,0,0,0,1],"userData":{"layer":"Default"}},{"uuid":"2fdfba2a-1168-417d-a396-43fc81a7b12c","name":"line 24","type":"Line","geometry":"83b9ea08-a8ae-4da1-9555-487157019b65","material":"af76a257-d1cd-486e-9048-afb3222f1026","matrix":[1,0,0,0,0,1,0,0,0,0,1,0,0,0,0,1],"userData":{"layer":"Default"}},{"uuid":"98fe79e4-51b5-43cb-b996-192ff52b1283","name":"line 25","type":"Line","geometry":"f4d98182-6685-45b3-bee2-91b8916c2737","material":"af76a257-d1cd-486e-9048-afb3222f1026","matrix":[1,0,0,0,0,1,0,0,0,0,1,0,0,0,0,1],"userData":{"layer":"Default"}},{"uuid":"f8766b4f-b90c-421d-9ec1-49a6c58cefbf","name":"line 26","type":"Line","geometry":"e3f6ea6d-77cf-4c4e-b006-485ca08ddbc0","material":"af76a257-d1cd-486e-9048-afb3222f1026","matrix":[1,0,0,0,0,1,0,0,0,0,1,0,0,0,0,1],"userData":{"layer":"Default"}},{"uuid":"43efd5c2-b82f-4d1e-90d6-bce00f149ef4","name":"line 27","type":"Line","geometry":"c03b1e93-32d4-41ea-9d55-45ec5484df78","material":"af76a257-d1cd-486e-9048-afb3222f1026","matrix":[1,0,0,0,0,1,0,0,0,0,1,0,0,0,0,1],"userData":{"layer":"Default"}}],"userData":{"views":[],"layers":[{"name":"Wall"},{"name":"Window"},{"name":"Default"}]}}}