{"metadata":{"version":4.3,"type":"Object","generator":"Spectacles_Grasshopper_Exporter"},"geometries":[{"uuid":"578cd6f0-6a7f-40d2-9641-a0825d32fe37","type":"Geometry","data":{"vertices":[1582.04456,3000.0,2759.30273,1582.04456,0.0,2759.30273,-1069.60596,0.0,107.65239,-1069.60596,3000.0,107.65239,1508.17651,2563.60474,2685.43481,1508.17651,863.60474,2685.43481,-613.1438,863.60474,564.1145,-613.1438,2563.60474,564.1145],"faces":[0,3,7,6,0,4,7,3,0,2,3,6,0,4,3,0,0,1,2,6,0,5,4,0,0,1,6,5,0,5,0,1],"normals":[],"uvs":[],"scale":1,"visible":true,"castShadow":true,"receiveShadow":false,"doubleSided":true,"colors":["0xE6B43C","0xE6B43C","0xE6B43C","0xE6B43C","0xE6B43C","0xE6B43C","0xE6B43C","0xE6B43C"]}},{"uuid":"b06f17f5-247f-4b29-8a19-d1b6e4d6d803","type":"Geometry","data":{"vertices":[-3827.32227,3000.0,5340.24268,-3827.32227,0.0,5340.24268,-2519.1748,0.0,4032.09497,-2519.1748,3000.0,4032.09497,-2519.1748,3000.0,4032.09497,-2519.1748,0.0,4032.09497,-1104.9613,0.0,5446.30859,-1104.9613,3000.0,5446.30859,-1104.9613,3000.0,5446.30859,-1104.9613,0.0,5446.30859,1582.04456,0.0,2759.30273,1582.04456,3000.0,2759.30273,-1069.60596,3000.0,107.65239,-1069.60596,0.0,107.65239,-5064.75928,0.0,4102.80566,-5064.75928,3000.0,4102.80566,-5064.75928,3000.0,4102.80566,-5064.75928,0.0,4102.80566,-3827.32227,0.0,5340.24268,-3827.32227,3000.0,5340.24268],"faces":[0,0,1,2,0,0,2,3,0,4,5,6,0,4,6,7,0,8,9,10,0,8,10,11,0,12,13,14,0,12,14,15,0,16,17,18,0,16,18,19],"normals":[],"uvs":[],"scale":1,"visible":true,"castShadow":true,"receiveShadow":false,"doubleSided":true,"colors":["0xE6D796","0xE6D796","0xE6D796","0xE6D796","0xE6D796","0xE6D796","0xE6D796","0xE6D796","0xE6D796","0xE6D796","0xE6D796","0xE6D796","0xE6D796","0xE6D796","0xE6D796","0xE6D796","0xE6D796","0xE6D796","0xE6D796","0xE6D796"]}},{"uuid":"36e1c4f8-e2be-48aa-bf0d-fbd769db82e9","type":"Geometry","data":{"vertices":[-1104.9613,3000.0,5446.30859,1582.04456,3000.0,2759.30273,-1069.60596,3000.0,107.65239,-5064.75928,3000.0,4102.80566,-3827.32227,3000.0,5340.24268,-2519.1748,3000.0,4032.09497],"faces":[0,5,0,1,0,1,2,3,0,3,4,5,0,5,1,3],"normals":[],"uvs":[],"scale":1,"visible":true,"castShadow":true,"receiveShadow":false,"doubleSided":true,"colors":["0xFF8080","0xFF8080","0xFF8080","0xFF8080","0xFF8080","0xFF8080"]}},{"uuid":"a62cef7e-498f-4cbf-9f9d-5b5fcc015c6e","type":"Geometry","data":{"vertices":[-3827.32227,0.0,5340.24268,-5064.75928,0.0,4102.80566,-1069.60596,0.0,107.65239,1582.04456,0.0,2759.30273,-1104.9613,0.0,5446.30859,-2519.1748,0.0,4032.09497],"faces":[0,5,0,1,0,1,2,3,0,3,4,5,0,5,1,3],"normals":[],"uvs":[],"scale":1,"visible":true,"castShadow":true,"receiveShadow":false,"doubleSided":true,"colors":["0xFF8080","0xFF8080","0xFF8080","0xFF8080","0xFF8080","0xFF8080"]}},{"uuid":"7855b69a-f98e-48d4-8f5d-97b87fb557a6","type":"Geometry","data":{"vertices":[1508.17651,2563.60474,2685.43481,1508.17651,863.60474,2685.43481,-613.1438,863.60474,564.1145,-613.1438,2563.60474,564.1145],"faces":[0,0,1,2,0,0,2,3],"normals":[],"uvs":[],"scale":1,"visible":true,"castShadow":true,"receiveShadow":false,"doubleSided":true,"colors":["0x40B4FF","0x40B4FF","0x40B4FF","0x40B4FF"]}},{"uuid":"921ae133-54ed-444c-b17f-b11bdd864909","type":"Geometry","data":{"vertices":[0.0,0.0,0.0,0.0,0.0,750.0],"normals":[],"uvs":[],"faces":[],"scale":1,"visible":true,"castShadow":true,"receiveShadow":false}},{"uuid":"50740a69-fd85-4949-b5b9-ecd9765f4f13","type":"Geometry","data":{"vertices":[-650.0,0.0,0.0,-610.8002,0.0,222.31309],"normals":[],"uvs":[],"faces":[],"scale":1,"visible":true,"castShadow":true,"receiveShadow":false}},{"uuid":"d4c68468-265b-4d58-a33b-1d318108c8fd","type":"Geometry","data":{"vertices":[-610.8002,0.0,222.31309,-497.92889,0.0,417.81195],"normals":[],"uvs":[],"faces":[],"scale":1,"visible":true,"castShadow":true,"receiveShadow":false}},{"uuid":"dce56278-3c95-4675-9464-8db19035ab08","type":"Geometry","data":{"vertices":[-497.92889,0.0,417.81195,-325.0,0.0,562.91651],"normals":[],"uvs":[],"faces":[],"scale":1,"visible":true,"castShadow":true,"receiveShadow":false}},{"uuid":"b01b3f72-e716-42de-88c8-d5d3c1a0e534","type":"Geometry","data":{"vertices":[-325.0,0.0,562.91651,-112.87132,0.0,640.12504],"normals":[],"uvs":[],"faces":[],"scale":1,"visible":true,"castShadow":true,"receiveShadow":false}},{"uuid":"695bfa05-7c1b-40d5-9b6f-cfedf0fac0e1","type":"Geometry","data":{"vertices":[-112.87132,0.0,640.12504,112.87132,0.0,640.12504],"normals":[],"uvs":[],"faces":[],"scale":1,"visible":true,"castShadow":true,"receiveShadow":false}},{"uuid":"11fe1318-2787-46e9-b142-8ea779f051f1","type":"Geometry","data":{"vertices":[112.87132,0.0,640.12504,325.0,0.0,562.91651],"normals":[],"uvs":[],"faces":[],"scale":1,"visible":true,"castShadow":true,"receiveShadow":false}},{"uuid":"d8cb7849-63c9-4b7d-a44c-8e712fcb6e19","type":"Geometry","data":{"vertices":[325.0,0.0,562.91651,497.92889,0.0,417.81195],"normals":[],"uvs":[],"faces":[],"scale":1,"visible":true,"castShadow":true,"receiveShadow":false}},{"uuid":"175a2f7c-cc6c-4c1e-90e4-bc47c657955c","type":"Geometry","data":{"vertices":[497.92889,0.0,417.81195,610.8002,0.0,222.31309],"normals":[],"uvs":[],"faces":[],"scale":1,"visible":true,"castShadow":true,"receiveShadow":false}},{"uuid":"13c400c8-a55a-4684-a3fd-31206936216a","type":"Geometry","data":{"vertices":[610.8002,0.0,222.31309,650.0,0.0,0.0],"normals":[],"uvs":[],"faces":[],"scale":1,"visible":true,"castShadow":true,"receiveShadow":false}},{"uuid":"aa15d606-9bd6-4214-b0a6-654a17240b33","type":"Geometry","data":{"vertices":[650.0,0.0,0.0,610.8002,0.0,-222.31309],"normals":[],"uvs":[],"faces":[],"scale":1,"visible":true,"castShadow":true,"receiveShadow":false}},{"uuid":"8c3addca-823b-4e01-b05a-f328c341b68c","type":"Geometry","data":{"vertices":[610.8002,0.0,-222.31309,497.92889,0.0,-417.81195],"normals":[],"uvs":[],"faces":[],"scale":1,"visible":true,"castShadow":true,"receiveShadow":false}},{"uuid":"7e501c80-25a3-4e06-870d-e4b0a47dc584","type":"Geometry","data":{"vertices":[497.92889,0.0,-417.81195,325.0,0.0,-562.91651],"normals":[],"uvs":[],"faces":[],"scale":1,"visible":true,"castShadow":true,"receiveShadow":false}},{"uuid":"b477511a-c17d-4b9e-b9e3-4565d702035b","type":"Geometry","data":{"vertices":[325.0,0.0,-562.91651,112.87132,0.0,-640.12504],"normals":[],"uvs":[],"faces":[],"scale":1,"visible":true,"castShadow":true,"receiveShadow":false}},{"uuid":"28c84c53-dd13-43c6-acd2-ae9f9eee27f9","type":"Geometry","data":{"vertices":[112.87132,0.0,-640.12504,-112.87132,0.0,-640.12504],"normals":[],"uvs":[],"faces":[],"scale":1,"visible":true,"castShadow":true,"receiveShadow":false}},{"uuid":"1f8aaf96-1da9-4eee-8e51-cfa49f8edf4e","type":"Geometry","data":{"vertices":[-112.87132,0.0,-640.12504,-325.0,0.0,-562.91651],"normals":[],"uvs":[],"faces":[],"scale":1,"visible":true,"castShadow":true,"receiveShadow":false}},{"uuid":"81cbd44c-55a6-4379-be4b-3757e055fc4f","type":"Geometry","data":{"vertices":[-325.0,0.0,-562.91651,-497.92889,0.0,-417.81195],"normals":[],"uvs":[],"faces":[],"scale":1,"visible":true,"castShadow":true,"receiveShadow":false}},{"uuid":"450604dd-e90d-4032-b621-a49dd53dd67e","type":"Geometry","data":{"vertices":[-497.92889,0.0,-417.81195,-610.8002,0.0,-222.31309],"normals":[],"uvs":[],"faces":[],"scale":1,"visible":true,"castShadow":true,"receiveShadow":false}},{"uuid":"d5f17652-8f30-4be9-af10-55a96b5495c5","type":"Geometry","data":{"vertices":[-610.8002,0.0,-222.31309,-650.0,0.0,0.0],"normals":[],"uvs":[],"faces":[],"scale":1,"visible":true,"castShadow":true,"receiveShadow":false}},{"uuid":"07db3ec8-6188-4c0d-a7e8-f55e361a5d73","type":"Geometry","data":{"vertices":[0.0,0.0,500.0,0.0,0.0,750.0],"normals":[],"uvs":[],"faces":[],"scale":1,"visible":true,"castShadow":true,"receiveShadow":false}},{"uuid":"bc2479e0-5c98-4c1b-9422-b42ec4badfc0","type":"Geometry","data":{"vertices":[-500.0,0.0,0.0,-750.0,0.0,0.0],"normals":[],"uvs":[],"faces":[],"scale":1,"visible":true,"castShadow":true,"receiveShadow":false}},{"uuid":"0102424f-124a-4af5-aacb-891889b14fcb","type":"Geometry","data":{"vertices":[0.0,0.0,-500.0,0.0,0.0,-750.0],"normals":[],"uvs":[],"faces":[],"scale":1,"visible":true,"castShadow":true,"receiveShadow":false}},{"uuid":"4f12ff31-80b6-4d0a-b1a4-f8cfc6dc37ad","type":"Geometry","data":{"vertices":[500.0,0.0,0.0,750.0,0.0,0.0],"normals":[],"uvs":[],"faces":[],"scale":1,"visible":true,"castShadow":true,"receiveShadow":false}}],"materials":[{"uuid":"03da3438-315c-4c3d-89b6-6a9a1918dec0","type":"MeshLambertMaterial","color":"0xFFCB3B","ambient":"0xFFCB3B","emissive":"0x000000","side":2,"opacity":1.0,"transparent":true,"shading":1,"vertexColors":0},{"uuid":"8845505a-f941-41b5-af5b-867b65e48ff8","type":"MeshLambertMaterial","color":"0xFFFFC7","ambient":"0xFFFFC7","emissive":"0x000000","side":2,"opacity":0.4,"transparent":true,"shading":1,"vertexColors":0},{"uuid":"c33e9252-3d52-4ba1-a8b9-d59a89baac86","type":"MeshLambertMaterial","color":"0x2A56F5","ambient":"0x2A56F5","emissive":"0x000000","side":2,"opacity":0.8,"transparent":true,"shading":1,"vertexColors":0},{"uuid":"74bf6f11-48a0-4920-9f66-2b17800ef2df","type":"LineBasicMaterial","color":"0x000000","linewidth":1.0,"opacity":1.0}],"object":{"uuid":"9fb1bb1a-64e4-4c53-b6bd-b238095c527c","type":"Scene","matrix":[1,0,0,0,0,1,0,0,0,0,1,0,0,0,0,1],"children":[{"uuid":"ef332c77-1120-407c-b768-828f32997975","name":"mesh0","type":"Mesh","geometry":"578cd6f0-6a7f-40d2-9641-a0825d32fe37","material":"03da3438-315c-4c3d-89b6-6a9a1918dec0","matrix":[1,0,0,0,0,1,0,0,0,0,1,0,0,0,0,1],"userData":{"Material":"Wall","layer":"Wall"}},{"uuid":"5c830585-3922-490e-8333-b98b0be1798f","name":"mesh1","type":"Mesh","geometry":"b06f17f5-247f-4b29-8a19-d1b6e4d6d803","material":"8845505a-f941-41b5-af5b-867b65e48ff8","matrix":[1,0,0,0,0,1,0,0,0,0,1,0,0,0,0,1],"userData":{"Material":"Wall","layer":"Wall"}},{"uuid":"bdd590ea-16c5-430d-b117-082d9a9214ba","name":"mesh2","type":"Mesh","geometry":"36e1c4f8-e2be-48aa-bf0d-fbd769db82e9","material":"8845505a-f941-41b5-af5b-867b65e48ff8","matrix":[1,0,0,0,0,1,0,0,0,0,1,0,0,0,0,1],"userData":{"Material":"Wall","layer":"Wall"}},{"uuid":"1aaae28a-a04d-4efe-ad1f-1c5eaab5d8ec","name":"mesh3","type":"Mesh","geometry":"a62cef7e-498f-4cbf-9f9d-5b5fcc015c6e","material":"8845505a-f941-41b5-af5b-867b65e48ff8","matrix":[1,0,0,0,0,1,0,0,0,0,1,0,0,0,0,1],"userData":{"Material":"Wall","layer":"Wall"}},{"uuid":"c54ec7be-980b-48b0-b007-ba1e00247144","name":"mesh4","type":"Mesh","geometry":"7855b69a-f98e-48d4-8f5d-97b87fb557a6","material":"c33e9252-3d52-4ba1-a8b9-d59a89baac86","matrix":[1,0,0,0,0,1,0,0,0,0,1,0,0,0,0,1],"userData":{"Material":"Wall","layer":"Window"}},{"uuid":"961b8afd-067b-454e-9151-435a6ac9200b","name":"line 5","type":"Line","geometry":"921ae133-54ed-444c-b17f-b11bdd864909","material":"74bf6f11-48a0-4920-9f66-2b17800ef2df","matrix":[1,0,0,0,0,1,0,0,0,0,1,0,0,0,0,1],"userData":{"layer":"Default"}},{"uuid":"ff8f902c-824f-4d5c-a8f8-4225043cbc86","name":"line 6","type":"Line","geometry":"50740a69-fd85-4949-b5b9-ecd9765f4f13","material":"74bf6f11-48a0-4920-9f66-2b17800ef2df","matrix":[1,0,0,0,0,1,0,0,0,0,1,0,0,0,0,1],"userData":{"layer":"Default"}},{"uuid":"5e0c05ff-7e76-4b2f-9440-7b31d1c7240f","name":"line 7","type":"Line","geometry":"d4c68468-265b-4d58-a33b-1d318108c8fd","material":"74bf6f11-48a0-4920-9f66-2b17800ef2df","matrix":[1,0,0,0,0,1,0,0,0,0,1,0,0,0,0,1],"userData":{"layer":"Default"}},{"uuid":"0399c506-041e-4c4e-9269-3c77696b27a7","name":"line 8","type":"Line","geometry":"dce56278-3c95-4675-9464-8db19035ab08","material":"74bf6f11-48a0-4920-9f66-2b17800ef2df","matrix":[1,0,0,0,0,1,0,0,0,0,1,0,0,0,0,1],"userData":{"layer":"Default"}},{"uuid":"da1e2dfb-1146-4646-9cfc-0c3c022ecd7e","name":"line 9","type":"Line","geometry":"b01b3f72-e716-42de-88c8-d5d3c1a0e534","material":"74bf6f11-48a0-4920-9f66-2b17800ef2df","matrix":[1,0,0,0,0,1,0,0,0,0,1,0,0,0,0,1],"userData":{"layer":"Default"}},{"uuid":"e895dddf-5d54-4c91-b05a-b8972c5b162f","name":"line 10","type":"Line","geometry":"695bfa05-7c1b-40d5-9b6f-cfedf0fac0e1","material":"74bf6f11-48a0-4920-9f66-2b17800ef2df","matrix":[1,0,0,0,0,1,0,0,0,0,1,0,0,0,0,1],"userData":{"layer":"Default"}},{"uuid":"dc8da9bf-66eb-47cc-a8db-d56328d67945","name":"line 11","type":"Line","geometry":"11fe1318-2787-46e9-b142-8ea779f051f1","material":"74bf6f11-48a0-4920-9f66-2b17800ef2df","matrix":[1,0,0,0,0,1,0,0,0,0,1,0,0,0,0,1],"userData":{"layer":"Default"}},{"uuid":"b566bae0-a45e-4d76-9fc0-2163fa7aa51e","name":"line 12","type":"Line","geometry":"d8cb7849-63c9-4b7d-a44c-8e712fcb6e19","material":"74bf6f11-48a0-4920-9f66-2b17800ef2df","matrix":[1,0,0,0,0,1,0,0,0,0,1,0,0,0,0,1],"userData":{"layer":"Default"}},{"uuid":"fed27a93-4a9a-4333-8691-d675d927b178","name":"line 13","type":"Line","geometry":"175a2f7c-cc6c-4c1e-90e4-bc47c657955c","material":"74bf6f11-48a0-4920-9f66-2b17800ef2df","matrix":[1,0,0,0,0,1,0,0,0,0,1,0,0,0,0,1],"userData":{"layer":"Default"}},{"uuid":"7550f920-6542-4b78-a0d4-174a0453c264","name":"line 14","type":"Line","geometry":"13c400c8-a55a-4684-a3fd-31206936216a","material":"74bf6f11-48a0-4920-9f66-2b17800ef2df","matrix":[1,0,0,0,0,1,0,0,0,0,1,0,0,0,0,1],"userData":{"layer":"Default"}},{"uuid":"3a3f85f0-8f91-487d-a03d-9111d77b683a","name":"line 15","type":"Line","geometry":"aa15d606-9bd6-4214-b0a6-654a17240b33","material":"74bf6f11-48a0-4920-9f66-2b17800ef2df","matrix":[1,0,0,0,0,1,0,0,0,0,1,0,0,0,0,1],"userData":{"layer":"Default"}},{"uuid":"572f37b8-a8a1-4729-b1b6-9973dda3386f","name":"line 16","type":"Line","geometry":"8c3addca-823b-4e01-b05a-f328c341b68c","material":"74bf6f11-48a0-4920-9f66-2b17800ef2df","matrix":[1,0,0,0,0,1,0,0,0,0,1,0,0,0,0,1],"userData":{"layer":"Default"}},{"uuid":"10331ede-e835-48cc-89f5-cfd47579cd05","name":"line 17","type":"Line","geometry":"7e501c80-25a3-4e06-870d-e4b0a47dc584","material":"74bf6f11-48a0-4920-9f66-2b17800ef2df","matrix":[1,0,0,0,0,1,0,0,0,0,1,0,0,0,0,1],"userData":{"layer":"Default"}},{"uuid":"8054ca13-fc70-4e63-b7ed-5c39a4953c17","name":"line 18","type":"Line","geometry":"b477511a-c17d-4b9e-b9e3-4565d702035b","material":"74bf6f11-48a0-4920-9f66-2b17800ef2df","matrix":[1,0,0,0,0,1,0,0,0,0,1,0,0,0,0,1],"userData":{"layer":"Default"}},{"uuid":"05f0c5ca-c1be-4006-a0b0-89419966d1e4","name":"line 19","type":"Line","geometry":"28c84c53-dd13-43c6-acd2-ae9f9eee27f9","material":"74bf6f11-48a0-4920-9f66-2b17800ef2df","matrix":[1,0,0,0,0,1,0,0,0,0,1,0,0,0,0,1],"userData":{"layer":"Default"}},{"uuid":"8504acbe-cbeb-453c-9685-47f2a4701953","name":"line 20","type":"Line","geometry":"1f8aaf96-1da9-4eee-8e51-cfa49f8edf4e","material":"74bf6f11-48a0-4920-9f66-2b17800ef2df","matrix":[1,0,0,0,0,1,0,0,0,0,1,0,0,0,0,1],"userData":{"layer":"Default"}},{"uuid":"090d687b-fa44-4c46-833c-822708759ac6","name":"line 21","type":"Line","geometry":"81cbd44c-55a6-4379-be4b-3757e055fc4f","material":"74bf6f11-48a0-4920-9f66-2b17800ef2df","matrix":[1,0,0,0,0,1,0,0,0,0,1,0,0,0,0,1],"userData":{"layer":"Default"}},{"uuid":"9abc6966-d86b-4300-bbdc-124e096b398a","name":"line 22","type":"Line","geometry":"450604dd-e90d-4032-b621-a49dd53dd67e","material":"74bf6f11-48a0-4920-9f66-2b17800ef2df","matrix":[1,0,0,0,0,1,0,0,0,0,1,0,0,0,0,1],"userData":{"layer":"Default"}},{"uuid":"7ed57c13-b1f5-4f14-96b2-9f82463bfdb9","name":"line 23","type":"Line","geometry":"d5f17652-8f30-4be9-af10-55a96b5495c5","material":"74bf6f11-48a0-4920-9f66-2b17800ef2df","matrix":[1,0,0,0,0,1,0,0,0,0,1,0,0,0,0,1],"userData":{"layer":"Default"}},{"uuid":"4e1e04c4-9093-4bda-b690-7e7ad897eff5","name":"line 24","type":"Line","geometry":"07db3ec8-6188-4c0d-a7e8-f55e361a5d73","material":"74bf6f11-48a0-4920-9f66-2b17800ef2df","matrix":[1,0,0,0,0,1,0,0,0,0,1,0,0,0,0,1],"userData":{"layer":"Default"}},{"uuid":"0561cc5c-860a-4847-9a0f-62e0d5d9bde8","name":"line 25","type":"Line","geometry":"bc2479e0-5c98-4c1b-9422-b42ec4badfc0","material":"74bf6f11-48a0-4920-9f66-2b17800ef2df","matrix":[1,0,0,0,0,1,0,0,0,0,1,0,0,0,0,1],"userData":{"layer":"Default"}},{"uuid":"46141056-3067-4207-b3d4-487728767797","name":"line 26","type":"Line","geometry":"0102424f-124a-4af5-aacb-891889b14fcb","material":"74bf6f11-48a0-4920-9f66-2b17800ef2df","matrix":[1,0,0,0,0,1,0,0,0,0,1,0,0,0,0,1],"userData":{"layer":"Default"}},{"uuid":"5b7db0e8-bd53-44e2-a64b-517581a26701","name":"line 27","type":"Line","geometry":"4f12ff31-80b6-4d0a-b1a4-f8cfc6dc37ad","material":"74bf6f11-48a0-4920-9f66-2b17800ef2df","matrix":[1,0,0,0,0,1,0,0,0,0,1,0,0,0,0,1],"userData":{"layer":"Default"}}],"userData":{"views":[],"layers":[{"name":"Wall"},{"name":"Window"},{"name":"Default"}]}}}