{"metadata":{"version":4.3,"type":"Object","generator":"Spectacles_Grasshopper_Exporter"},"geometries":[{"uuid":"cf51c4fa-5125-430f-8f9b-704846be3946","type":"Geometry","data":{"vertices":[-2023.70679,3000.0,-164.3564,-2023.70679,0.0,-164.3564,-4675.35742,0.0,2487.29395,-4675.35742,3000.0,2487.29395,-2097.57471,2563.60474,-90.48845,-2097.57471,63.60476,-90.48845,-4643.15918,63.60476,2455.09595,-4643.15918,2563.60474,2455.09595],"faces":[0,3,7,6,0,4,7,3,0,2,3,6,0,4,3,0,0,1,2,6,0,5,4,0,0,1,6,5,0,5,0,1],"normals":[],"uvs":[],"scale":1,"visible":true,"castShadow":true,"receiveShadow":false,"doubleSided":true,"colors":["0xE6B43C","0xE6B43C","0xE6B43C","0xE6B43C","0xE6B43C","0xE6B43C","0xE6B43C","0xE6B43C"]}},{"uuid":"72561ebf-605f-4dae-b6ea-dcf7dfc27f7a","type":"Geometry","data":{"vertices":[557.23297,3000.0,5245.01025,557.23297,0.0,5245.01025,-750.91455,0.0,3936.86304,-750.91455,3000.0,3936.86304,-750.91455,3000.0,3936.86304,-750.91455,0.0,3936.86304,663.29901,0.0,2522.64941,663.29901,3000.0,2522.64941,663.29901,3000.0,2522.64941,663.29901,0.0,2522.64941,-2023.70679,0.0,-164.3564,-2023.70679,3000.0,-164.3564,-4675.35742,3000.0,2487.29395,-4675.35742,0.0,2487.29395,-680.20386,0.0,6482.44727,-680.20386,3000.0,6482.44727,-680.20386,3000.0,6482.44727,-680.20386,0.0,6482.44727,557.23297,0.0,5245.01025,557.23297,3000.0,5245.01025],"faces":[0,0,1,2,0,0,2,3,0,4,5,6,0,4,6,7,0,8,9,10,0,8,10,11,0,12,13,14,0,12,14,15,0,16,17,18,0,16,18,19],"normals":[],"uvs":[],"scale":1,"visible":true,"castShadow":true,"receiveShadow":false,"doubleSided":true,"colors":["0xE6D796","0xE6D796","0xE6D796","0xE6D796","0xE6D796","0xE6D796","0xE6D796","0xE6D796","0xE6D796","0xE6D796","0xE6D796","0xE6D796","0xE6D796","0xE6D796","0xE6D796","0xE6D796","0xE6D796","0xE6D796","0xE6D796","0xE6D796"]}},{"uuid":"9bc305e4-5196-471e-b0f3-0ab7629fadfb","type":"Geometry","data":{"vertices":[557.23297,3000.0,5245.01025,-750.91455,3000.0,3936.86304,663.29901,3000.0,2522.64941,-2023.70679,3000.0,-164.3564,-4675.35742,3000.0,2487.29395,-680.20386,3000.0,6482.44727],"faces":[0,4,5,0,0,1,2,3,0,4,0,1,0,1,3,4],"normals":[],"uvs":[],"scale":1,"visible":true,"castShadow":true,"receiveShadow":false,"doubleSided":true,"colors":["0xFF8080","0xFF8080","0xFF8080","0xFF8080","0xFF8080","0xFF8080"]}},{"uuid":"25875287-230e-4650-8a29-2ad3a8dbaa55","type":"Geometry","data":{"vertices":[-4675.35742,0.0,2487.29395,-2023.70679,0.0,-164.3564,663.29901,0.0,2522.64941,-750.91455,0.0,3936.86304,557.23297,0.0,5245.01025,-680.20386,0.0,6482.44727],"faces":[0,4,5,0,0,0,1,2,0,3,4,0,0,0,2,3],"normals":[],"uvs":[],"scale":1,"visible":true,"castShadow":true,"receiveShadow":false,"doubleSided":true,"colors":["0xFF8080","0xFF8080","0xFF8080","0xFF8080","0xFF8080","0xFF8080"]}},{"uuid":"35737bec-7c0e-42ca-ba32-7950bfa17efd","type":"Geometry","data":{"vertices":[-2097.57471,2563.60474,-90.48845,-2097.57471,63.60476,-90.48845,-4643.15918,63.60476,2455.09595,-4643.15918,2563.60474,2455.09595],"faces":[0,0,1,2,0,0,2,3],"normals":[],"uvs":[],"scale":1,"visible":true,"castShadow":true,"receiveShadow":false,"doubleSided":true,"colors":["0x40B4FF","0x40B4FF","0x40B4FF","0x40B4FF"]}},{"uuid":"cf418e00-c704-4f89-ba54-f0c8b8f38410","type":"Geometry","data":{"vertices":[0.0,0.0,0.0,0.0,0.0,750.0],"normals":[],"uvs":[],"faces":[],"scale":1,"visible":true,"castShadow":true,"receiveShadow":false}},{"uuid":"1e10afa9-900d-44d3-8afc-2d17948ce6e9","type":"Geometry","data":{"vertices":[-650.0,0.0,0.0,-610.8002,0.0,222.31309],"normals":[],"uvs":[],"faces":[],"scale":1,"visible":true,"castShadow":true,"receiveShadow":false}},{"uuid":"d734e915-9e10-4732-ae44-2cc2fd4be6a6","type":"Geometry","data":{"vertices":[-610.8002,0.0,222.31309,-497.92889,0.0,417.81195],"normals":[],"uvs":[],"faces":[],"scale":1,"visible":true,"castShadow":true,"receiveShadow":false}},{"uuid":"c5f85861-4868-44c6-af16-4a3b9fa284d9","type":"Geometry","data":{"vertices":[-497.92889,0.0,417.81195,-325.0,0.0,562.91651],"normals":[],"uvs":[],"faces":[],"scale":1,"visible":true,"castShadow":true,"receiveShadow":false}},{"uuid":"8d1bbfbf-a978-4630-958b-8dd0d8dd5bec","type":"Geometry","data":{"vertices":[-325.0,0.0,562.91651,-112.87132,0.0,640.12504],"normals":[],"uvs":[],"faces":[],"scale":1,"visible":true,"castShadow":true,"receiveShadow":false}},{"uuid":"1f078d1e-9827-431d-82d1-522800cd8957","type":"Geometry","data":{"vertices":[-112.87132,0.0,640.12504,112.87132,0.0,640.12504],"normals":[],"uvs":[],"faces":[],"scale":1,"visible":true,"castShadow":true,"receiveShadow":false}},{"uuid":"d9ee3f16-6c2c-40aa-af81-6184912dff85","type":"Geometry","data":{"vertices":[112.87132,0.0,640.12504,325.0,0.0,562.91651],"normals":[],"uvs":[],"faces":[],"scale":1,"visible":true,"castShadow":true,"receiveShadow":false}},{"uuid":"40a7384e-4193-4d36-9f87-ead9c06b8078","type":"Geometry","data":{"vertices":[325.0,0.0,562.91651,497.92889,0.0,417.81195],"normals":[],"uvs":[],"faces":[],"scale":1,"visible":true,"castShadow":true,"receiveShadow":false}},{"uuid":"8d97832b-f386-44c8-98e0-c9e5bd0ea4d7","type":"Geometry","data":{"vertices":[497.92889,0.0,417.81195,610.8002,0.0,222.31309],"normals":[],"uvs":[],"faces":[],"scale":1,"visible":true,"castShadow":true,"receiveShadow":false}},{"uuid":"b0757c26-c14a-43bf-bd91-ead354cf131c","type":"Geometry","data":{"vertices":[610.8002,0.0,222.31309,650.0,0.0,0.0],"normals":[],"uvs":[],"faces":[],"scale":1,"visible":true,"castShadow":true,"receiveShadow":false}},{"uuid":"83c08f4c-1c57-4dba-af0e-b4ab934d6f02","type":"Geometry","data":{"vertices":[650.0,0.0,0.0,610.8002,0.0,-222.31309],"normals":[],"uvs":[],"faces":[],"scale":1,"visible":true,"castShadow":true,"receiveShadow":false}},{"uuid":"10a7bd01-1798-4d96-b084-2d2bc0af7b17","type":"Geometry","data":{"vertices":[610.8002,0.0,-222.31309,497.92889,0.0,-417.81195],"normals":[],"uvs":[],"faces":[],"scale":1,"visible":true,"castShadow":true,"receiveShadow":false}},{"uuid":"d869d762-b127-48a4-a912-0343f7f4b39d","type":"Geometry","data":{"vertices":[497.92889,0.0,-417.81195,325.0,0.0,-562.91651],"normals":[],"uvs":[],"faces":[],"scale":1,"visible":true,"castShadow":true,"receiveShadow":false}},{"uuid":"75220e7b-d450-4548-b05d-e74755a23d2d","type":"Geometry","data":{"vertices":[325.0,0.0,-562.91651,112.87132,0.0,-640.12504],"normals":[],"uvs":[],"faces":[],"scale":1,"visible":true,"castShadow":true,"receiveShadow":false}},{"uuid":"7cdf27b8-2ec4-4e74-b58b-e2880df93747","type":"Geometry","data":{"vertices":[112.87132,0.0,-640.12504,-112.87132,0.0,-640.12504],"normals":[],"uvs":[],"faces":[],"scale":1,"visible":true,"castShadow":true,"receiveShadow":false}},{"uuid":"51e1ae87-2365-4347-9893-8ab945004b8e","type":"Geometry","data":{"vertices":[-112.87132,0.0,-640.12504,-325.0,0.0,-562.91651],"normals":[],"uvs":[],"faces":[],"scale":1,"visible":true,"castShadow":true,"receiveShadow":false}},{"uuid":"107bfc95-77e8-4c10-8897-a71adb3531d9","type":"Geometry","data":{"vertices":[-325.0,0.0,-562.91651,-497.92889,0.0,-417.81195],"normals":[],"uvs":[],"faces":[],"scale":1,"visible":true,"castShadow":true,"receiveShadow":false}},{"uuid":"ef43f810-f17b-4bc5-88a8-8243a56c2df4","type":"Geometry","data":{"vertices":[-497.92889,0.0,-417.81195,-610.8002,0.0,-222.31309],"normals":[],"uvs":[],"faces":[],"scale":1,"visible":true,"castShadow":true,"receiveShadow":false}},{"uuid":"ecccb45d-096c-4a6d-8e16-25334f460463","type":"Geometry","data":{"vertices":[-610.8002,0.0,-222.31309,-650.0,0.0,0.0],"normals":[],"uvs":[],"faces":[],"scale":1,"visible":true,"castShadow":true,"receiveShadow":false}},{"uuid":"986db52f-b7bc-45ec-8b5d-f700e38e7ddf","type":"Geometry","data":{"vertices":[0.0,0.0,500.0,0.0,0.0,750.0],"normals":[],"uvs":[],"faces":[],"scale":1,"visible":true,"castShadow":true,"receiveShadow":false}},{"uuid":"105acbe5-e9f3-4aa9-93dd-b7c5d1506147","type":"Geometry","data":{"vertices":[-500.0,0.0,0.0,-750.0,0.0,0.0],"normals":[],"uvs":[],"faces":[],"scale":1,"visible":true,"castShadow":true,"receiveShadow":false}},{"uuid":"a70ba73a-59c9-4d21-96c9-bde937f51cd8","type":"Geometry","data":{"vertices":[0.0,0.0,-500.0,0.0,0.0,-750.0],"normals":[],"uvs":[],"faces":[],"scale":1,"visible":true,"castShadow":true,"receiveShadow":false}},{"uuid":"a47f8853-7af1-4ef3-ab32-fb02c7118125","type":"Geometry","data":{"vertices":[500.0,0.0,0.0,750.0,0.0,0.0],"normals":[],"uvs":[],"faces":[],"scale":1,"visible":true,"castShadow":true,"receiveShadow":false}}],"materials":[{"uuid":"03da3438-315c-4c3d-89b6-6a9a1918dec0","type":"MeshLambertMaterial","color":"0xFFCB3B","ambient":"0xFFCB3B","emissive":"0x000000","side":2,"opacity":1.0,"transparent":true,"shading":1,"vertexColors":0},{"uuid":"8845505a-f941-41b5-af5b-867b65e48ff8","type":"MeshLambertMaterial","color":"0xFFFFC7","ambient":"0xFFFFC7","emissive":"0x000000","side":2,"opacity":0.4,"transparent":true,"shading":1,"vertexColors":0},{"uuid":"c33e9252-3d52-4ba1-a8b9-d59a89baac86","type":"MeshLambertMaterial","color":"0x2A56F5","ambient":"0x2A56F5","emissive":"0x000000","side":2,"opacity":0.8,"transparent":true,"shading":1,"vertexColors":0},{"uuid":"c8846f6f-14e0-44c1-8219-edfadc2b63be","type":"LineBasicMaterial","color":"0x000000","linewidth":1.0,"opacity":1.0}],"object":{"uuid":"0ba6a343-a6a8-461c-b95d-ead8a2c764bb","type":"Scene","matrix":[1,0,0,0,0,1,0,0,0,0,1,0,0,0,0,1],"children":[{"uuid":"d06c7f25-ccc3-40c3-ad8f-81bf6a8b3202","name":"mesh0","type":"Mesh","geometry":"cf51c4fa-5125-430f-8f9b-704846be3946","material":"03da3438-315c-4c3d-89b6-6a9a1918dec0","matrix":[1,0,0,0,0,1,0,0,0,0,1,0,0,0,0,1],"userData":{"Material":"Wall","layer":"Wall"}},{"uuid":"3695e68a-db70-4809-a8db-5b3d629ec022","name":"mesh1","type":"Mesh","geometry":"72561ebf-605f-4dae-b6ea-dcf7dfc27f7a","material":"8845505a-f941-41b5-af5b-867b65e48ff8","matrix":[1,0,0,0,0,1,0,0,0,0,1,0,0,0,0,1],"userData":{"Material":"Wall","layer":"Wall"}},{"uuid":"af77c665-ceec-43d7-9f6f-22023905dd5d","name":"mesh2","type":"Mesh","geometry":"9bc305e4-5196-471e-b0f3-0ab7629fadfb","material":"8845505a-f941-41b5-af5b-867b65e48ff8","matrix":[1,0,0,0,0,1,0,0,0,0,1,0,0,0,0,1],"userData":{"Material":"Wall","layer":"Wall"}},{"uuid":"b829f44e-87fd-4e06-b092-f5f718f42522","name":"mesh3","type":"Mesh","geometry":"25875287-230e-4650-8a29-2ad3a8dbaa55","material":"8845505a-f941-41b5-af5b-867b65e48ff8","matrix":[1,0,0,0,0,1,0,0,0,0,1,0,0,0,0,1],"userData":{"Material":"Wall","layer":"Wall"}},{"uuid":"22d3a6fb-67a8-4293-a9a6-67d2c549da0f","name":"mesh4","type":"Mesh","geometry":"35737bec-7c0e-42ca-ba32-7950bfa17efd","material":"c33e9252-3d52-4ba1-a8b9-d59a89baac86","matrix":[1,0,0,0,0,1,0,0,0,0,1,0,0,0,0,1],"userData":{"Material":"Wall","layer":"Window"}},{"uuid":"2e36bdcd-f8e3-45d6-9464-8ca0ec77d26a","name":"line 5","type":"Line","geometry":"cf418e00-c704-4f89-ba54-f0c8b8f38410","material":"c8846f6f-14e0-44c1-8219-edfadc2b63be","matrix":[1,0,0,0,0,1,0,0,0,0,1,0,0,0,0,1],"userData":{"layer":"Default"}},{"uuid":"aeb97085-1dc3-4784-a9cf-e3dbce036cd1","name":"line 6","type":"Line","geometry":"1e10afa9-900d-44d3-8afc-2d17948ce6e9","material":"c8846f6f-14e0-44c1-8219-edfadc2b63be","matrix":[1,0,0,0,0,1,0,0,0,0,1,0,0,0,0,1],"userData":{"layer":"Default"}},{"uuid":"99b961a9-3d3c-4240-a601-5c30ec6f5542","name":"line 7","type":"Line","geometry":"d734e915-9e10-4732-ae44-2cc2fd4be6a6","material":"c8846f6f-14e0-44c1-8219-edfadc2b63be","matrix":[1,0,0,0,0,1,0,0,0,0,1,0,0,0,0,1],"userData":{"layer":"Default"}},{"uuid":"894d782f-7d01-44cd-b5ef-350da5abfee4","name":"line 8","type":"Line","geometry":"c5f85861-4868-44c6-af16-4a3b9fa284d9","material":"c8846f6f-14e0-44c1-8219-edfadc2b63be","matrix":[1,0,0,0,0,1,0,0,0,0,1,0,0,0,0,1],"userData":{"layer":"Default"}},{"uuid":"f6ceaa45-d51b-4a63-8c3d-9aba20c54b68","name":"line 9","type":"Line","geometry":"8d1bbfbf-a978-4630-958b-8dd0d8dd5bec","material":"c8846f6f-14e0-44c1-8219-edfadc2b63be","matrix":[1,0,0,0,0,1,0,0,0,0,1,0,0,0,0,1],"userData":{"layer":"Default"}},{"uuid":"ab1929eb-6b20-45a0-a1e0-30423ca295c4","name":"line 10","type":"Line","geometry":"1f078d1e-9827-431d-82d1-522800cd8957","material":"c8846f6f-14e0-44c1-8219-edfadc2b63be","matrix":[1,0,0,0,0,1,0,0,0,0,1,0,0,0,0,1],"userData":{"layer":"Default"}},{"uuid":"9080c7ec-5853-42f6-b008-f0a19a86c9b7","name":"line 11","type":"Line","geometry":"d9ee3f16-6c2c-40aa-af81-6184912dff85","material":"c8846f6f-14e0-44c1-8219-edfadc2b63be","matrix":[1,0,0,0,0,1,0,0,0,0,1,0,0,0,0,1],"userData":{"layer":"Default"}},{"uuid":"05bd2990-635e-412c-ac72-114da76aa6b7","name":"line 12","type":"Line","geometry":"40a7384e-4193-4d36-9f87-ead9c06b8078","material":"c8846f6f-14e0-44c1-8219-edfadc2b63be","matrix":[1,0,0,0,0,1,0,0,0,0,1,0,0,0,0,1],"userData":{"layer":"Default"}},{"uuid":"6bb40246-9af8-4353-aba0-8a95d60671f5","name":"line 13","type":"Line","geometry":"8d97832b-f386-44c8-98e0-c9e5bd0ea4d7","material":"c8846f6f-14e0-44c1-8219-edfadc2b63be","matrix":[1,0,0,0,0,1,0,0,0,0,1,0,0,0,0,1],"userData":{"layer":"Default"}},{"uuid":"d53922c6-afd2-457a-a13d-d4de56b22382","name":"line 14","type":"Line","geometry":"b0757c26-c14a-43bf-bd91-ead354cf131c","material":"c8846f6f-14e0-44c1-8219-edfadc2b63be","matrix":[1,0,0,0,0,1,0,0,0,0,1,0,0,0,0,1],"userData":{"layer":"Default"}},{"uuid":"841ca4c2-e957-4882-8c0d-e82fe047db71","name":"line 15","type":"Line","geometry":"83c08f4c-1c57-4dba-af0e-b4ab934d6f02","material":"c8846f6f-14e0-44c1-8219-edfadc2b63be","matrix":[1,0,0,0,0,1,0,0,0,0,1,0,0,0,0,1],"userData":{"layer":"Default"}},{"uuid":"6ef37635-36f3-4953-9c8b-e6763af315cb","name":"line 16","type":"Line","geometry":"10a7bd01-1798-4d96-b084-2d2bc0af7b17","material":"c8846f6f-14e0-44c1-8219-edfadc2b63be","matrix":[1,0,0,0,0,1,0,0,0,0,1,0,0,0,0,1],"userData":{"layer":"Default"}},{"uuid":"153866a2-1475-4bd8-b109-ae71785b067d","name":"line 17","type":"Line","geometry":"d869d762-b127-48a4-a912-0343f7f4b39d","material":"c8846f6f-14e0-44c1-8219-edfadc2b63be","matrix":[1,0,0,0,0,1,0,0,0,0,1,0,0,0,0,1],"userData":{"layer":"Default"}},{"uuid":"1412f454-479a-4833-962f-aa73668791a5","name":"line 18","type":"Line","geometry":"75220e7b-d450-4548-b05d-e74755a23d2d","material":"c8846f6f-14e0-44c1-8219-edfadc2b63be","matrix":[1,0,0,0,0,1,0,0,0,0,1,0,0,0,0,1],"userData":{"layer":"Default"}},{"uuid":"a86f21bb-83b1-466b-82f3-0b17ad222f3f","name":"line 19","type":"Line","geometry":"7cdf27b8-2ec4-4e74-b58b-e2880df93747","material":"c8846f6f-14e0-44c1-8219-edfadc2b63be","matrix":[1,0,0,0,0,1,0,0,0,0,1,0,0,0,0,1],"userData":{"layer":"Default"}},{"uuid":"b72c4f29-ae2a-46e1-8fab-f9774c81dee0","name":"line 20","type":"Line","geometry":"51e1ae87-2365-4347-9893-8ab945004b8e","material":"c8846f6f-14e0-44c1-8219-edfadc2b63be","matrix":[1,0,0,0,0,1,0,0,0,0,1,0,0,0,0,1],"userData":{"layer":"Default"}},{"uuid":"17e1c2f6-91ca-4507-83c7-6d1eb94cc066","name":"line 21","type":"Line","geometry":"107bfc95-77e8-4c10-8897-a71adb3531d9","material":"c8846f6f-14e0-44c1-8219-edfadc2b63be","matrix":[1,0,0,0,0,1,0,0,0,0,1,0,0,0,0,1],"userData":{"layer":"Default"}},{"uuid":"02258f0a-30bc-44de-8bb6-03ae9ae55390","name":"line 22","type":"Line","geometry":"ef43f810-f17b-4bc5-88a8-8243a56c2df4","material":"c8846f6f-14e0-44c1-8219-edfadc2b63be","matrix":[1,0,0,0,0,1,0,0,0,0,1,0,0,0,0,1],"userData":{"layer":"Default"}},{"uuid":"ea97e32d-499a-49bd-8451-15e46ea2af9b","name":"line 23","type":"Line","geometry":"ecccb45d-096c-4a6d-8e16-25334f460463","material":"c8846f6f-14e0-44c1-8219-edfadc2b63be","matrix":[1,0,0,0,0,1,0,0,0,0,1,0,0,0,0,1],"userData":{"layer":"Default"}},{"uuid":"1aa7e05f-67dd-418b-ace5-90791f25f5ed","name":"line 24","type":"Line","geometry":"986db52f-b7bc-45ec-8b5d-f700e38e7ddf","material":"c8846f6f-14e0-44c1-8219-edfadc2b63be","matrix":[1,0,0,0,0,1,0,0,0,0,1,0,0,0,0,1],"userData":{"layer":"Default"}},{"uuid":"b51f9704-d96d-4c5a-b541-8a4f94d494b4","name":"line 25","type":"Line","geometry":"105acbe5-e9f3-4aa9-93dd-b7c5d1506147","material":"c8846f6f-14e0-44c1-8219-edfadc2b63be","matrix":[1,0,0,0,0,1,0,0,0,0,1,0,0,0,0,1],"userData":{"layer":"Default"}},{"uuid":"9f66ff17-a6ea-468a-b67c-e22ea8b0de8d","name":"line 26","type":"Line","geometry":"a70ba73a-59c9-4d21-96c9-bde937f51cd8","material":"c8846f6f-14e0-44c1-8219-edfadc2b63be","matrix":[1,0,0,0,0,1,0,0,0,0,1,0,0,0,0,1],"userData":{"layer":"Default"}},{"uuid":"aad02702-a1bb-4726-afda-f832284db32f","name":"line 27","type":"Line","geometry":"a47f8853-7af1-4ef3-ab32-fb02c7118125","material":"c8846f6f-14e0-44c1-8219-edfadc2b63be","matrix":[1,0,0,0,0,1,0,0,0,0,1,0,0,0,0,1],"userData":{"layer":"Default"}}],"userData":{"views":[],"layers":[{"name":"Wall"},{"name":"Window"},{"name":"Default"}]}}}