{"metadata":{"version":4.3,"type":"Object","generator":"Spectacles_Grasshopper_Exporter"},"geometries":[{"uuid":"2c76c40a-bb7b-4808-beef-1d8c204ec781","type":"Geometry","data":{"vertices":[-2023.70679,3000.0,-164.3564,-2023.70679,0.0,-164.3564,-4675.35742,0.0,2487.29395,-4675.35742,3000.0,2487.29395,-2097.57471,2563.60474,-90.48845,-2097.57471,63.60476,-90.48845,-4431.02686,63.60476,2242.96387,-4431.02686,2563.60474,2242.96387],"faces":[0,3,7,6,0,4,7,3,0,2,3,6,0,4,3,0,0,1,2,6,0,5,4,0,0,1,6,5,0,5,0,1],"normals":[],"uvs":[],"scale":1,"visible":true,"castShadow":true,"receiveShadow":false,"doubleSided":true,"colors":["0xE6B43C","0xE6B43C","0xE6B43C","0xE6B43C","0xE6B43C","0xE6B43C","0xE6B43C","0xE6B43C"]}},{"uuid":"1d729e2a-6299-4298-a046-452b3d60be0c","type":"Geometry","data":{"vertices":[557.23297,3000.0,5245.01025,557.23297,0.0,5245.01025,-750.91455,0.0,3936.86304,-750.91455,3000.0,3936.86304,-750.91455,3000.0,3936.86304,-750.91455,0.0,3936.86304,663.29901,0.0,2522.64941,663.29901,3000.0,2522.64941,663.29901,3000.0,2522.64941,663.29901,0.0,2522.64941,-2023.70679,0.0,-164.3564,-2023.70679,3000.0,-164.3564,-4675.35742,3000.0,2487.29395,-4675.35742,0.0,2487.29395,-680.20386,0.0,6482.44727,-680.20386,3000.0,6482.44727,-680.20386,3000.0,6482.44727,-680.20386,0.0,6482.44727,557.23297,0.0,5245.01025,557.23297,3000.0,5245.01025],"faces":[0,0,1,2,0,0,2,3,0,4,5,6,0,4,6,7,0,8,9,10,0,8,10,11,0,12,13,14,0,12,14,15,0,16,17,18,0,16,18,19],"normals":[],"uvs":[],"scale":1,"visible":true,"castShadow":true,"receiveShadow":false,"doubleSided":true,"colors":["0xE6D796","0xE6D796","0xE6D796","0xE6D796","0xE6D796","0xE6D796","0xE6D796","0xE6D796","0xE6D796","0xE6D796","0xE6D796","0xE6D796","0xE6D796","0xE6D796","0xE6D796","0xE6D796","0xE6D796","0xE6D796","0xE6D796","0xE6D796"]}},{"uuid":"e8048976-360a-424a-b35e-24a2d59e6806","type":"Geometry","data":{"vertices":[557.23297,3000.0,5245.01025,-750.91455,3000.0,3936.86304,663.29901,3000.0,2522.64941,-2023.70679,3000.0,-164.3564,-4675.35742,3000.0,2487.29395,-680.20386,3000.0,6482.44727],"faces":[0,4,5,0,0,1,2,3,0,4,0,1,0,1,3,4],"normals":[],"uvs":[],"scale":1,"visible":true,"castShadow":true,"receiveShadow":false,"doubleSided":true,"colors":["0xFF8080","0xFF8080","0xFF8080","0xFF8080","0xFF8080","0xFF8080"]}},{"uuid":"305cd9a5-5bf6-4018-84ba-7442e99debe9","type":"Geometry","data":{"vertices":[-4675.35742,0.0,2487.29395,-2023.70679,0.0,-164.3564,663.29901,0.0,2522.64941,-750.91455,0.0,3936.86304,557.23297,0.0,5245.01025,-680.20386,0.0,6482.44727],"faces":[0,4,5,0,0,0,1,2,0,3,4,0,0,0,2,3],"normals":[],"uvs":[],"scale":1,"visible":true,"castShadow":true,"receiveShadow":false,"doubleSided":true,"colors":["0xFF8080","0xFF8080","0xFF8080","0xFF8080","0xFF8080","0xFF8080"]}},{"uuid":"cc460e88-28cf-4a76-80fc-09d6070e83b3","type":"Geometry","data":{"vertices":[-2097.57471,2563.60474,-90.48845,-2097.57471,63.60476,-90.48845,-4431.02686,63.60476,2242.96387,-4431.02686,2563.60474,2242.96387],"faces":[0,0,1,2,0,0,2,3],"normals":[],"uvs":[],"scale":1,"visible":true,"castShadow":true,"receiveShadow":false,"doubleSided":true,"colors":["0x40B4FF","0x40B4FF","0x40B4FF","0x40B4FF"]}},{"uuid":"ecd9fbf3-37c5-4913-83e3-2d14f1645946","type":"Geometry","data":{"vertices":[0.0,0.0,0.0,0.0,0.0,750.0],"normals":[],"uvs":[],"faces":[],"scale":1,"visible":true,"castShadow":true,"receiveShadow":false}},{"uuid":"41b53166-f396-4efb-bdc0-5f816989e93a","type":"Geometry","data":{"vertices":[-650.0,0.0,0.0,-610.8002,0.0,222.31309],"normals":[],"uvs":[],"faces":[],"scale":1,"visible":true,"castShadow":true,"receiveShadow":false}},{"uuid":"534361fa-73a3-479a-a383-5603bcb2975b","type":"Geometry","data":{"vertices":[-610.8002,0.0,222.31309,-497.92889,0.0,417.81195],"normals":[],"uvs":[],"faces":[],"scale":1,"visible":true,"castShadow":true,"receiveShadow":false}},{"uuid":"f887ae10-b247-4897-a588-41a38d4edc44","type":"Geometry","data":{"vertices":[-497.92889,0.0,417.81195,-325.0,0.0,562.91651],"normals":[],"uvs":[],"faces":[],"scale":1,"visible":true,"castShadow":true,"receiveShadow":false}},{"uuid":"c79cac28-8286-4cf2-a862-edc3c39f0bc8","type":"Geometry","data":{"vertices":[-325.0,0.0,562.91651,-112.87132,0.0,640.12504],"normals":[],"uvs":[],"faces":[],"scale":1,"visible":true,"castShadow":true,"receiveShadow":false}},{"uuid":"99ca3abd-fc16-48c9-baf8-a9a39887489f","type":"Geometry","data":{"vertices":[-112.87132,0.0,640.12504,112.87132,0.0,640.12504],"normals":[],"uvs":[],"faces":[],"scale":1,"visible":true,"castShadow":true,"receiveShadow":false}},{"uuid":"54ba40c0-4da5-4e23-bcae-1c519065c5ed","type":"Geometry","data":{"vertices":[112.87132,0.0,640.12504,325.0,0.0,562.91651],"normals":[],"uvs":[],"faces":[],"scale":1,"visible":true,"castShadow":true,"receiveShadow":false}},{"uuid":"56c95134-050c-4f4a-ad22-60a33b1863bf","type":"Geometry","data":{"vertices":[325.0,0.0,562.91651,497.92889,0.0,417.81195],"normals":[],"uvs":[],"faces":[],"scale":1,"visible":true,"castShadow":true,"receiveShadow":false}},{"uuid":"ad2fbd47-ce47-498e-8093-1503cea23009","type":"Geometry","data":{"vertices":[497.92889,0.0,417.81195,610.8002,0.0,222.31309],"normals":[],"uvs":[],"faces":[],"scale":1,"visible":true,"castShadow":true,"receiveShadow":false}},{"uuid":"94d3010e-d9b2-4b6c-829b-47b089d2d051","type":"Geometry","data":{"vertices":[610.8002,0.0,222.31309,650.0,0.0,0.0],"normals":[],"uvs":[],"faces":[],"scale":1,"visible":true,"castShadow":true,"receiveShadow":false}},{"uuid":"9b38b498-61fc-4b28-9175-70f8a5f1f2e7","type":"Geometry","data":{"vertices":[650.0,0.0,0.0,610.8002,0.0,-222.31309],"normals":[],"uvs":[],"faces":[],"scale":1,"visible":true,"castShadow":true,"receiveShadow":false}},{"uuid":"6b14c25e-720a-430a-8213-cad2127044ef","type":"Geometry","data":{"vertices":[610.8002,0.0,-222.31309,497.92889,0.0,-417.81195],"normals":[],"uvs":[],"faces":[],"scale":1,"visible":true,"castShadow":true,"receiveShadow":false}},{"uuid":"0088c3b9-fe53-4d25-b7d1-fbc9c8f26dde","type":"Geometry","data":{"vertices":[497.92889,0.0,-417.81195,325.0,0.0,-562.91651],"normals":[],"uvs":[],"faces":[],"scale":1,"visible":true,"castShadow":true,"receiveShadow":false}},{"uuid":"386f729e-ca88-40c6-9f05-4688cf406df6","type":"Geometry","data":{"vertices":[325.0,0.0,-562.91651,112.87132,0.0,-640.12504],"normals":[],"uvs":[],"faces":[],"scale":1,"visible":true,"castShadow":true,"receiveShadow":false}},{"uuid":"c9269b43-db11-482a-b984-566eefe36c55","type":"Geometry","data":{"vertices":[112.87132,0.0,-640.12504,-112.87132,0.0,-640.12504],"normals":[],"uvs":[],"faces":[],"scale":1,"visible":true,"castShadow":true,"receiveShadow":false}},{"uuid":"00982ec8-e6a3-4225-8645-49ef90a5a460","type":"Geometry","data":{"vertices":[-112.87132,0.0,-640.12504,-325.0,0.0,-562.91651],"normals":[],"uvs":[],"faces":[],"scale":1,"visible":true,"castShadow":true,"receiveShadow":false}},{"uuid":"3f9d11c4-d093-4b93-9489-44f76d37df55","type":"Geometry","data":{"vertices":[-325.0,0.0,-562.91651,-497.92889,0.0,-417.81195],"normals":[],"uvs":[],"faces":[],"scale":1,"visible":true,"castShadow":true,"receiveShadow":false}},{"uuid":"3713431e-b8f8-463a-b9e1-3f56b798f6e0","type":"Geometry","data":{"vertices":[-497.92889,0.0,-417.81195,-610.8002,0.0,-222.31309],"normals":[],"uvs":[],"faces":[],"scale":1,"visible":true,"castShadow":true,"receiveShadow":false}},{"uuid":"6f9c9ecc-720c-4413-a9a9-4680e259f1f1","type":"Geometry","data":{"vertices":[-610.8002,0.0,-222.31309,-650.0,0.0,0.0],"normals":[],"uvs":[],"faces":[],"scale":1,"visible":true,"castShadow":true,"receiveShadow":false}},{"uuid":"dfe1108e-5717-436c-a05b-9361b33f4bf9","type":"Geometry","data":{"vertices":[0.0,0.0,500.0,0.0,0.0,750.0],"normals":[],"uvs":[],"faces":[],"scale":1,"visible":true,"castShadow":true,"receiveShadow":false}},{"uuid":"9692b670-7f1e-4ab6-af5f-6786129b41fb","type":"Geometry","data":{"vertices":[-500.0,0.0,0.0,-750.0,0.0,0.0],"normals":[],"uvs":[],"faces":[],"scale":1,"visible":true,"castShadow":true,"receiveShadow":false}},{"uuid":"207cb71a-36aa-4a43-aec5-f126344718c5","type":"Geometry","data":{"vertices":[0.0,0.0,-500.0,0.0,0.0,-750.0],"normals":[],"uvs":[],"faces":[],"scale":1,"visible":true,"castShadow":true,"receiveShadow":false}},{"uuid":"e556e773-d670-45d4-87c1-50cc86490b67","type":"Geometry","data":{"vertices":[500.0,0.0,0.0,750.0,0.0,0.0],"normals":[],"uvs":[],"faces":[],"scale":1,"visible":true,"castShadow":true,"receiveShadow":false}}],"materials":[{"uuid":"03da3438-315c-4c3d-89b6-6a9a1918dec0","type":"MeshLambertMaterial","color":"0xFFCB3B","ambient":"0xFFCB3B","emissive":"0x000000","side":2,"opacity":1.0,"transparent":true,"shading":1,"vertexColors":0},{"uuid":"8845505a-f941-41b5-af5b-867b65e48ff8","type":"MeshLambertMaterial","color":"0xFFFFC7","ambient":"0xFFFFC7","emissive":"0x000000","side":2,"opacity":0.4,"transparent":true,"shading":1,"vertexColors":0},{"uuid":"c33e9252-3d52-4ba1-a8b9-d59a89baac86","type":"MeshLambertMaterial","color":"0x2A56F5","ambient":"0x2A56F5","emissive":"0x000000","side":2,"opacity":0.8,"transparent":true,"shading":1,"vertexColors":0},{"uuid":"90c9ad0e-8e27-4418-96c9-527ff862abef","type":"LineBasicMaterial","color":"0x000000","linewidth":1.0,"opacity":1.0}],"object":{"uuid":"71217b1a-2e58-403b-a991-d4c94da457d6","type":"Scene","matrix":[1,0,0,0,0,1,0,0,0,0,1,0,0,0,0,1],"children":[{"uuid":"1cd54c78-75ae-4c72-84cf-662a05168d72","name":"mesh0","type":"Mesh","geometry":"2c76c40a-bb7b-4808-beef-1d8c204ec781","material":"03da3438-315c-4c3d-89b6-6a9a1918dec0","matrix":[1,0,0,0,0,1,0,0,0,0,1,0,0,0,0,1],"userData":{"Material":"Wall","layer":"Wall"}},{"uuid":"e959f17d-4f3c-42d2-9ec7-54528a9d1ea6","name":"mesh1","type":"Mesh","geometry":"1d729e2a-6299-4298-a046-452b3d60be0c","material":"8845505a-f941-41b5-af5b-867b65e48ff8","matrix":[1,0,0,0,0,1,0,0,0,0,1,0,0,0,0,1],"userData":{"Material":"Wall","layer":"Wall"}},{"uuid":"f8737232-efa3-4941-9e92-2d00189e8f9e","name":"mesh2","type":"Mesh","geometry":"e8048976-360a-424a-b35e-24a2d59e6806","material":"8845505a-f941-41b5-af5b-867b65e48ff8","matrix":[1,0,0,0,0,1,0,0,0,0,1,0,0,0,0,1],"userData":{"Material":"Wall","layer":"Wall"}},{"uuid":"dbd4ea3a-a8ab-466b-980e-9a273a636aaf","name":"mesh3","type":"Mesh","geometry":"305cd9a5-5bf6-4018-84ba-7442e99debe9","material":"8845505a-f941-41b5-af5b-867b65e48ff8","matrix":[1,0,0,0,0,1,0,0,0,0,1,0,0,0,0,1],"userData":{"Material":"Wall","layer":"Wall"}},{"uuid":"f95a799f-d004-4e2f-a1f9-cd3a564f1d32","name":"mesh4","type":"Mesh","geometry":"cc460e88-28cf-4a76-80fc-09d6070e83b3","material":"c33e9252-3d52-4ba1-a8b9-d59a89baac86","matrix":[1,0,0,0,0,1,0,0,0,0,1,0,0,0,0,1],"userData":{"Material":"Wall","layer":"Window"}},{"uuid":"514c814b-7dd3-446c-8fcb-b8bbce63cabd","name":"line 5","type":"Line","geometry":"ecd9fbf3-37c5-4913-83e3-2d14f1645946","material":"90c9ad0e-8e27-4418-96c9-527ff862abef","matrix":[1,0,0,0,0,1,0,0,0,0,1,0,0,0,0,1],"userData":{"layer":"Default"}},{"uuid":"6ec26f40-6ff3-4d2c-95ae-2385d2e653b1","name":"line 6","type":"Line","geometry":"41b53166-f396-4efb-bdc0-5f816989e93a","material":"90c9ad0e-8e27-4418-96c9-527ff862abef","matrix":[1,0,0,0,0,1,0,0,0,0,1,0,0,0,0,1],"userData":{"layer":"Default"}},{"uuid":"23124902-f888-41d4-98bf-8db361f33003","name":"line 7","type":"Line","geometry":"534361fa-73a3-479a-a383-5603bcb2975b","material":"90c9ad0e-8e27-4418-96c9-527ff862abef","matrix":[1,0,0,0,0,1,0,0,0,0,1,0,0,0,0,1],"userData":{"layer":"Default"}},{"uuid":"a04b64d4-4d51-4e36-ba88-8ba33864272e","name":"line 8","type":"Line","geometry":"f887ae10-b247-4897-a588-41a38d4edc44","material":"90c9ad0e-8e27-4418-96c9-527ff862abef","matrix":[1,0,0,0,0,1,0,0,0,0,1,0,0,0,0,1],"userData":{"layer":"Default"}},{"uuid":"890e682c-2f4c-4083-be1d-69ebf271e600","name":"line 9","type":"Line","geometry":"c79cac28-8286-4cf2-a862-edc3c39f0bc8","material":"90c9ad0e-8e27-4418-96c9-527ff862abef","matrix":[1,0,0,0,0,1,0,0,0,0,1,0,0,0,0,1],"userData":{"layer":"Default"}},{"uuid":"96908e66-9b3f-4c61-8d85-b2abc8711f7e","name":"line 10","type":"Line","geometry":"99ca3abd-fc16-48c9-baf8-a9a39887489f","material":"90c9ad0e-8e27-4418-96c9-527ff862abef","matrix":[1,0,0,0,0,1,0,0,0,0,1,0,0,0,0,1],"userData":{"layer":"Default"}},{"uuid":"c08fc647-c0b8-4e5b-ab57-c8d69de7eda1","name":"line 11","type":"Line","geometry":"54ba40c0-4da5-4e23-bcae-1c519065c5ed","material":"90c9ad0e-8e27-4418-96c9-527ff862abef","matrix":[1,0,0,0,0,1,0,0,0,0,1,0,0,0,0,1],"userData":{"layer":"Default"}},{"uuid":"56270483-96cc-4e33-8587-c3f86534885e","name":"line 12","type":"Line","geometry":"56c95134-050c-4f4a-ad22-60a33b1863bf","material":"90c9ad0e-8e27-4418-96c9-527ff862abef","matrix":[1,0,0,0,0,1,0,0,0,0,1,0,0,0,0,1],"userData":{"layer":"Default"}},{"uuid":"27083e87-9fab-454d-b5a9-250e218a1806","name":"line 13","type":"Line","geometry":"ad2fbd47-ce47-498e-8093-1503cea23009","material":"90c9ad0e-8e27-4418-96c9-527ff862abef","matrix":[1,0,0,0,0,1,0,0,0,0,1,0,0,0,0,1],"userData":{"layer":"Default"}},{"uuid":"2eaa4647-4ca9-4938-825a-00b1f0f8144c","name":"line 14","type":"Line","geometry":"94d3010e-d9b2-4b6c-829b-47b089d2d051","material":"90c9ad0e-8e27-4418-96c9-527ff862abef","matrix":[1,0,0,0,0,1,0,0,0,0,1,0,0,0,0,1],"userData":{"layer":"Default"}},{"uuid":"11ee5284-5e3a-42d1-811e-1cbced92cc07","name":"line 15","type":"Line","geometry":"9b38b498-61fc-4b28-9175-70f8a5f1f2e7","material":"90c9ad0e-8e27-4418-96c9-527ff862abef","matrix":[1,0,0,0,0,1,0,0,0,0,1,0,0,0,0,1],"userData":{"layer":"Default"}},{"uuid":"635f6560-1fdb-4ca9-8890-092dd9d27f59","name":"line 16","type":"Line","geometry":"6b14c25e-720a-430a-8213-cad2127044ef","material":"90c9ad0e-8e27-4418-96c9-527ff862abef","matrix":[1,0,0,0,0,1,0,0,0,0,1,0,0,0,0,1],"userData":{"layer":"Default"}},{"uuid":"ce135b8f-9bd3-4465-9591-7f549a1fcfd5","name":"line 17","type":"Line","geometry":"0088c3b9-fe53-4d25-b7d1-fbc9c8f26dde","material":"90c9ad0e-8e27-4418-96c9-527ff862abef","matrix":[1,0,0,0,0,1,0,0,0,0,1,0,0,0,0,1],"userData":{"layer":"Default"}},{"uuid":"caf6b5ba-bcd3-44bb-b698-95978f11ee4f","name":"line 18","type":"Line","geometry":"386f729e-ca88-40c6-9f05-4688cf406df6","material":"90c9ad0e-8e27-4418-96c9-527ff862abef","matrix":[1,0,0,0,0,1,0,0,0,0,1,0,0,0,0,1],"userData":{"layer":"Default"}},{"uuid":"0c328a7b-5e24-4ef1-9e01-c6dbf1db14b6","name":"line 19","type":"Line","geometry":"c9269b43-db11-482a-b984-566eefe36c55","material":"90c9ad0e-8e27-4418-96c9-527ff862abef","matrix":[1,0,0,0,0,1,0,0,0,0,1,0,0,0,0,1],"userData":{"layer":"Default"}},{"uuid":"a8e9dfea-b7f3-467a-94dc-06c064251f4c","name":"line 20","type":"Line","geometry":"00982ec8-e6a3-4225-8645-49ef90a5a460","material":"90c9ad0e-8e27-4418-96c9-527ff862abef","matrix":[1,0,0,0,0,1,0,0,0,0,1,0,0,0,0,1],"userData":{"layer":"Default"}},{"uuid":"bf596167-73e1-4bb0-be6e-708284c1502b","name":"line 21","type":"Line","geometry":"3f9d11c4-d093-4b93-9489-44f76d37df55","material":"90c9ad0e-8e27-4418-96c9-527ff862abef","matrix":[1,0,0,0,0,1,0,0,0,0,1,0,0,0,0,1],"userData":{"layer":"Default"}},{"uuid":"1d5ff2a6-6d66-4f92-bb2a-c351fb5ee409","name":"line 22","type":"Line","geometry":"3713431e-b8f8-463a-b9e1-3f56b798f6e0","material":"90c9ad0e-8e27-4418-96c9-527ff862abef","matrix":[1,0,0,0,0,1,0,0,0,0,1,0,0,0,0,1],"userData":{"layer":"Default"}},{"uuid":"5550d9e7-a77d-4a04-ad01-d67d0f980b86","name":"line 23","type":"Line","geometry":"6f9c9ecc-720c-4413-a9a9-4680e259f1f1","material":"90c9ad0e-8e27-4418-96c9-527ff862abef","matrix":[1,0,0,0,0,1,0,0,0,0,1,0,0,0,0,1],"userData":{"layer":"Default"}},{"uuid":"5e032a70-aed2-435f-bfee-791c97744777","name":"line 24","type":"Line","geometry":"dfe1108e-5717-436c-a05b-9361b33f4bf9","material":"90c9ad0e-8e27-4418-96c9-527ff862abef","matrix":[1,0,0,0,0,1,0,0,0,0,1,0,0,0,0,1],"userData":{"layer":"Default"}},{"uuid":"1019d448-3e0e-489e-a591-d8edec8ae029","name":"line 25","type":"Line","geometry":"9692b670-7f1e-4ab6-af5f-6786129b41fb","material":"90c9ad0e-8e27-4418-96c9-527ff862abef","matrix":[1,0,0,0,0,1,0,0,0,0,1,0,0,0,0,1],"userData":{"layer":"Default"}},{"uuid":"1a85e39f-004f-4123-b139-f02248a8995b","name":"line 26","type":"Line","geometry":"207cb71a-36aa-4a43-aec5-f126344718c5","material":"90c9ad0e-8e27-4418-96c9-527ff862abef","matrix":[1,0,0,0,0,1,0,0,0,0,1,0,0,0,0,1],"userData":{"layer":"Default"}},{"uuid":"4cc76847-cf27-43fb-8f62-93db5e35259e","name":"line 27","type":"Line","geometry":"e556e773-d670-45d4-87c1-50cc86490b67","material":"90c9ad0e-8e27-4418-96c9-527ff862abef","matrix":[1,0,0,0,0,1,0,0,0,0,1,0,0,0,0,1],"userData":{"layer":"Default"}}],"userData":{"views":[],"layers":[{"name":"Wall"},{"name":"Window"},{"name":"Default"}]}}}