{"metadata":{"version":4.3,"type":"Object","generator":"Spectacles_Grasshopper_Exporter"},"geometries":[{"uuid":"1226a2f5-797d-4773-a61f-58d9281ff307","type":"Geometry","data":{"vertices":[-2023.70679,3000.0,-164.3564,-2023.70679,0.0,-164.3564,-4675.35742,0.0,2487.29395,-4675.35742,3000.0,2487.29395,-2097.57471,2563.60474,-90.48845,-2097.57471,63.60476,-90.48845,-4218.89502,63.60476,2030.83191,-4218.89502,2563.60474,2030.83191],"faces":[0,3,7,6,0,4,7,3,0,2,3,6,0,4,3,0,0,1,2,6,0,5,4,0,0,1,6,5,0,5,0,1],"normals":[],"uvs":[],"scale":1,"visible":true,"castShadow":true,"receiveShadow":false,"doubleSided":true,"colors":["0xE6B43C","0xE6B43C","0xE6B43C","0xE6B43C","0xE6B43C","0xE6B43C","0xE6B43C","0xE6B43C"]}},{"uuid":"cb40a574-3563-41f6-bc6a-28c64bce5a93","type":"Geometry","data":{"vertices":[557.23297,3000.0,5245.01025,557.23297,0.0,5245.01025,-750.91455,0.0,3936.86304,-750.91455,3000.0,3936.86304,-750.91455,3000.0,3936.86304,-750.91455,0.0,3936.86304,663.29901,0.0,2522.64941,663.29901,3000.0,2522.64941,663.29901,3000.0,2522.64941,663.29901,0.0,2522.64941,-2023.70679,0.0,-164.3564,-2023.70679,3000.0,-164.3564,-4675.35742,3000.0,2487.29395,-4675.35742,0.0,2487.29395,-680.20386,0.0,6482.44727,-680.20386,3000.0,6482.44727,-680.20386,3000.0,6482.44727,-680.20386,0.0,6482.44727,557.23297,0.0,5245.01025,557.23297,3000.0,5245.01025],"faces":[0,0,1,2,0,0,2,3,0,4,5,6,0,4,6,7,0,8,9,10,0,8,10,11,0,12,13,14,0,12,14,15,0,16,17,18,0,16,18,19],"normals":[],"uvs":[],"scale":1,"visible":true,"castShadow":true,"receiveShadow":false,"doubleSided":true,"colors":["0xE6D796","0xE6D796","0xE6D796","0xE6D796","0xE6D796","0xE6D796","0xE6D796","0xE6D796","0xE6D796","0xE6D796","0xE6D796","0xE6D796","0xE6D796","0xE6D796","0xE6D796","0xE6D796","0xE6D796","0xE6D796","0xE6D796","0xE6D796"]}},{"uuid":"e3611e91-3ac0-47c0-bfe2-0d5de98cb7b5","type":"Geometry","data":{"vertices":[557.23297,3000.0,5245.01025,-750.91455,3000.0,3936.86304,663.29901,3000.0,2522.64941,-2023.70679,3000.0,-164.3564,-4675.35742,3000.0,2487.29395,-680.20386,3000.0,6482.44727],"faces":[0,4,5,0,0,1,2,3,0,4,0,1,0,1,3,4],"normals":[],"uvs":[],"scale":1,"visible":true,"castShadow":true,"receiveShadow":false,"doubleSided":true,"colors":["0xFF8080","0xFF8080","0xFF8080","0xFF8080","0xFF8080","0xFF8080"]}},{"uuid":"e783f17c-3859-4bf4-b520-a68e9d05e933","type":"Geometry","data":{"vertices":[-4675.35742,0.0,2487.29395,-2023.70679,0.0,-164.3564,663.29901,0.0,2522.64941,-750.91455,0.0,3936.86304,557.23297,0.0,5245.01025,-680.20386,0.0,6482.44727],"faces":[0,4,5,0,0,0,1,2,0,3,4,0,0,0,2,3],"normals":[],"uvs":[],"scale":1,"visible":true,"castShadow":true,"receiveShadow":false,"doubleSided":true,"colors":["0xFF8080","0xFF8080","0xFF8080","0xFF8080","0xFF8080","0xFF8080"]}},{"uuid":"e9782e45-67a7-4cb3-94b3-5e89aae09417","type":"Geometry","data":{"vertices":[-2097.57471,2563.60474,-90.48845,-2097.57471,63.60476,-90.48845,-4218.89502,63.60476,2030.83191,-4218.89502,2563.60474,2030.83191],"faces":[0,0,1,2,0,0,2,3],"normals":[],"uvs":[],"scale":1,"visible":true,"castShadow":true,"receiveShadow":false,"doubleSided":true,"colors":["0x40B4FF","0x40B4FF","0x40B4FF","0x40B4FF"]}},{"uuid":"a3bd7f84-4580-4e3c-8ca1-ced95a3c78fd","type":"Geometry","data":{"vertices":[0.0,0.0,0.0,0.0,0.0,750.0],"normals":[],"uvs":[],"faces":[],"scale":1,"visible":true,"castShadow":true,"receiveShadow":false}},{"uuid":"4b740951-7d79-4c4a-a201-fe8b44c3384f","type":"Geometry","data":{"vertices":[-650.0,0.0,0.0,-610.8002,0.0,222.31309],"normals":[],"uvs":[],"faces":[],"scale":1,"visible":true,"castShadow":true,"receiveShadow":false}},{"uuid":"fb124ead-1946-4f4a-b983-2b908f34da91","type":"Geometry","data":{"vertices":[-610.8002,0.0,222.31309,-497.92889,0.0,417.81195],"normals":[],"uvs":[],"faces":[],"scale":1,"visible":true,"castShadow":true,"receiveShadow":false}},{"uuid":"743ab31d-0d56-4b33-9f0a-19fbe8cec3ac","type":"Geometry","data":{"vertices":[-497.92889,0.0,417.81195,-325.0,0.0,562.91651],"normals":[],"uvs":[],"faces":[],"scale":1,"visible":true,"castShadow":true,"receiveShadow":false}},{"uuid":"168afc64-0656-449c-93db-0405ac5b1cb1","type":"Geometry","data":{"vertices":[-325.0,0.0,562.91651,-112.87132,0.0,640.12504],"normals":[],"uvs":[],"faces":[],"scale":1,"visible":true,"castShadow":true,"receiveShadow":false}},{"uuid":"944f02c6-097f-4ebc-9dfb-7ae91ba09060","type":"Geometry","data":{"vertices":[-112.87132,0.0,640.12504,112.87132,0.0,640.12504],"normals":[],"uvs":[],"faces":[],"scale":1,"visible":true,"castShadow":true,"receiveShadow":false}},{"uuid":"658869e7-f204-4686-8c15-70b46be08fff","type":"Geometry","data":{"vertices":[112.87132,0.0,640.12504,325.0,0.0,562.91651],"normals":[],"uvs":[],"faces":[],"scale":1,"visible":true,"castShadow":true,"receiveShadow":false}},{"uuid":"17f3ca76-9306-46fb-83f5-b1c8bab8e367","type":"Geometry","data":{"vertices":[325.0,0.0,562.91651,497.92889,0.0,417.81195],"normals":[],"uvs":[],"faces":[],"scale":1,"visible":true,"castShadow":true,"receiveShadow":false}},{"uuid":"967fbddd-d62e-48d7-8a3e-6741fad49e7f","type":"Geometry","data":{"vertices":[497.92889,0.0,417.81195,610.8002,0.0,222.31309],"normals":[],"uvs":[],"faces":[],"scale":1,"visible":true,"castShadow":true,"receiveShadow":false}},{"uuid":"b627aa17-3f5a-461b-8445-e65991bae054","type":"Geometry","data":{"vertices":[610.8002,0.0,222.31309,650.0,0.0,0.0],"normals":[],"uvs":[],"faces":[],"scale":1,"visible":true,"castShadow":true,"receiveShadow":false}},{"uuid":"fde6c5a8-13e5-4c8f-8143-b039f0a6c9d3","type":"Geometry","data":{"vertices":[650.0,0.0,0.0,610.8002,0.0,-222.31309],"normals":[],"uvs":[],"faces":[],"scale":1,"visible":true,"castShadow":true,"receiveShadow":false}},{"uuid":"232cad41-cce0-4d1e-8749-33d07fa992de","type":"Geometry","data":{"vertices":[610.8002,0.0,-222.31309,497.92889,0.0,-417.81195],"normals":[],"uvs":[],"faces":[],"scale":1,"visible":true,"castShadow":true,"receiveShadow":false}},{"uuid":"890f7b3a-27fe-4bb1-8999-d2ec279a5165","type":"Geometry","data":{"vertices":[497.92889,0.0,-417.81195,325.0,0.0,-562.91651],"normals":[],"uvs":[],"faces":[],"scale":1,"visible":true,"castShadow":true,"receiveShadow":false}},{"uuid":"5c63aea2-548a-4070-b5c9-73ad5ddce042","type":"Geometry","data":{"vertices":[325.0,0.0,-562.91651,112.87132,0.0,-640.12504],"normals":[],"uvs":[],"faces":[],"scale":1,"visible":true,"castShadow":true,"receiveShadow":false}},{"uuid":"d17b7c01-bcf1-471a-8ade-6113c4e7462d","type":"Geometry","data":{"vertices":[112.87132,0.0,-640.12504,-112.87132,0.0,-640.12504],"normals":[],"uvs":[],"faces":[],"scale":1,"visible":true,"castShadow":true,"receiveShadow":false}},{"uuid":"aac073ea-32c3-43bf-866a-b5604bf1f9ad","type":"Geometry","data":{"vertices":[-112.87132,0.0,-640.12504,-325.0,0.0,-562.91651],"normals":[],"uvs":[],"faces":[],"scale":1,"visible":true,"castShadow":true,"receiveShadow":false}},{"uuid":"875ea371-6607-4295-88db-94c658d85fcb","type":"Geometry","data":{"vertices":[-325.0,0.0,-562.91651,-497.92889,0.0,-417.81195],"normals":[],"uvs":[],"faces":[],"scale":1,"visible":true,"castShadow":true,"receiveShadow":false}},{"uuid":"1c617a9a-3e56-484d-8944-3e6583575fe0","type":"Geometry","data":{"vertices":[-497.92889,0.0,-417.81195,-610.8002,0.0,-222.31309],"normals":[],"uvs":[],"faces":[],"scale":1,"visible":true,"castShadow":true,"receiveShadow":false}},{"uuid":"ec0e10bb-ccdc-4df3-94fc-238de139ca71","type":"Geometry","data":{"vertices":[-610.8002,0.0,-222.31309,-650.0,0.0,0.0],"normals":[],"uvs":[],"faces":[],"scale":1,"visible":true,"castShadow":true,"receiveShadow":false}},{"uuid":"40d44feb-f06c-4ea6-8adf-fe404d24e4fc","type":"Geometry","data":{"vertices":[0.0,0.0,500.0,0.0,0.0,750.0],"normals":[],"uvs":[],"faces":[],"scale":1,"visible":true,"castShadow":true,"receiveShadow":false}},{"uuid":"cf64c6e1-9c4c-4531-8fc2-1d06f560f467","type":"Geometry","data":{"vertices":[-500.0,0.0,0.0,-750.0,0.0,0.0],"normals":[],"uvs":[],"faces":[],"scale":1,"visible":true,"castShadow":true,"receiveShadow":false}},{"uuid":"a5c85718-e038-4c5c-a47d-62eaa482848a","type":"Geometry","data":{"vertices":[0.0,0.0,-500.0,0.0,0.0,-750.0],"normals":[],"uvs":[],"faces":[],"scale":1,"visible":true,"castShadow":true,"receiveShadow":false}},{"uuid":"0934f638-f2bb-4abc-8074-7239dbf5f0cd","type":"Geometry","data":{"vertices":[500.0,0.0,0.0,750.0,0.0,0.0],"normals":[],"uvs":[],"faces":[],"scale":1,"visible":true,"castShadow":true,"receiveShadow":false}}],"materials":[{"uuid":"03da3438-315c-4c3d-89b6-6a9a1918dec0","type":"MeshLambertMaterial","color":"0xFFCB3B","ambient":"0xFFCB3B","emissive":"0x000000","side":2,"opacity":1.0,"transparent":true,"shading":1,"vertexColors":0},{"uuid":"8845505a-f941-41b5-af5b-867b65e48ff8","type":"MeshLambertMaterial","color":"0xFFFFC7","ambient":"0xFFFFC7","emissive":"0x000000","side":2,"opacity":0.4,"transparent":true,"shading":1,"vertexColors":0},{"uuid":"c33e9252-3d52-4ba1-a8b9-d59a89baac86","type":"MeshLambertMaterial","color":"0x2A56F5","ambient":"0x2A56F5","emissive":"0x000000","side":2,"opacity":0.8,"transparent":true,"shading":1,"vertexColors":0},{"uuid":"1130ad52-55bd-4475-9d81-ddb2fae1d9f6","type":"LineBasicMaterial","color":"0x000000","linewidth":1.0,"opacity":1.0}],"object":{"uuid":"b712cf78-936b-4501-bd7c-bc3b360d3762","type":"Scene","matrix":[1,0,0,0,0,1,0,0,0,0,1,0,0,0,0,1],"children":[{"uuid":"87bcee35-b762-479f-9e1e-f6b7e770667b","name":"mesh0","type":"Mesh","geometry":"1226a2f5-797d-4773-a61f-58d9281ff307","material":"03da3438-315c-4c3d-89b6-6a9a1918dec0","matrix":[1,0,0,0,0,1,0,0,0,0,1,0,0,0,0,1],"userData":{"Material":"Wall","layer":"Wall"}},{"uuid":"f743c679-5016-4ec9-8a36-0bd0a6fb6422","name":"mesh1","type":"Mesh","geometry":"cb40a574-3563-41f6-bc6a-28c64bce5a93","material":"8845505a-f941-41b5-af5b-867b65e48ff8","matrix":[1,0,0,0,0,1,0,0,0,0,1,0,0,0,0,1],"userData":{"Material":"Wall","layer":"Wall"}},{"uuid":"9c703365-7c39-43bd-b7b1-eafbe1913047","name":"mesh2","type":"Mesh","geometry":"e3611e91-3ac0-47c0-bfe2-0d5de98cb7b5","material":"8845505a-f941-41b5-af5b-867b65e48ff8","matrix":[1,0,0,0,0,1,0,0,0,0,1,0,0,0,0,1],"userData":{"Material":"Wall","layer":"Wall"}},{"uuid":"fc51875b-d88b-4029-baba-d6c15f08cd8b","name":"mesh3","type":"Mesh","geometry":"e783f17c-3859-4bf4-b520-a68e9d05e933","material":"8845505a-f941-41b5-af5b-867b65e48ff8","matrix":[1,0,0,0,0,1,0,0,0,0,1,0,0,0,0,1],"userData":{"Material":"Wall","layer":"Wall"}},{"uuid":"83a24373-eb11-4f80-9bcd-5f841d76f5cc","name":"mesh4","type":"Mesh","geometry":"e9782e45-67a7-4cb3-94b3-5e89aae09417","material":"c33e9252-3d52-4ba1-a8b9-d59a89baac86","matrix":[1,0,0,0,0,1,0,0,0,0,1,0,0,0,0,1],"userData":{"Material":"Wall","layer":"Window"}},{"uuid":"d8aba8b9-880e-43ec-babb-f9b4c6231f4f","name":"line 5","type":"Line","geometry":"a3bd7f84-4580-4e3c-8ca1-ced95a3c78fd","material":"1130ad52-55bd-4475-9d81-ddb2fae1d9f6","matrix":[1,0,0,0,0,1,0,0,0,0,1,0,0,0,0,1],"userData":{"layer":"Default"}},{"uuid":"7acf2d6c-57d6-4bc7-8f55-2084f3ab874e","name":"line 6","type":"Line","geometry":"4b740951-7d79-4c4a-a201-fe8b44c3384f","material":"1130ad52-55bd-4475-9d81-ddb2fae1d9f6","matrix":[1,0,0,0,0,1,0,0,0,0,1,0,0,0,0,1],"userData":{"layer":"Default"}},{"uuid":"743b2977-2cba-407d-9bf5-b3afdf4643cd","name":"line 7","type":"Line","geometry":"fb124ead-1946-4f4a-b983-2b908f34da91","material":"1130ad52-55bd-4475-9d81-ddb2fae1d9f6","matrix":[1,0,0,0,0,1,0,0,0,0,1,0,0,0,0,1],"userData":{"layer":"Default"}},{"uuid":"fcb2e1e3-ff60-4e67-99e2-e961c7c590a7","name":"line 8","type":"Line","geometry":"743ab31d-0d56-4b33-9f0a-19fbe8cec3ac","material":"1130ad52-55bd-4475-9d81-ddb2fae1d9f6","matrix":[1,0,0,0,0,1,0,0,0,0,1,0,0,0,0,1],"userData":{"layer":"Default"}},{"uuid":"e55e01a3-f4b3-4a85-b540-7f13aac534cd","name":"line 9","type":"Line","geometry":"168afc64-0656-449c-93db-0405ac5b1cb1","material":"1130ad52-55bd-4475-9d81-ddb2fae1d9f6","matrix":[1,0,0,0,0,1,0,0,0,0,1,0,0,0,0,1],"userData":{"layer":"Default"}},{"uuid":"caf13147-5c16-45f4-80a8-2275ef92f404","name":"line 10","type":"Line","geometry":"944f02c6-097f-4ebc-9dfb-7ae91ba09060","material":"1130ad52-55bd-4475-9d81-ddb2fae1d9f6","matrix":[1,0,0,0,0,1,0,0,0,0,1,0,0,0,0,1],"userData":{"layer":"Default"}},{"uuid":"1e20668f-3bfb-45db-93f2-fc3b776cf2a7","name":"line 11","type":"Line","geometry":"658869e7-f204-4686-8c15-70b46be08fff","material":"1130ad52-55bd-4475-9d81-ddb2fae1d9f6","matrix":[1,0,0,0,0,1,0,0,0,0,1,0,0,0,0,1],"userData":{"layer":"Default"}},{"uuid":"132e1ed4-ae69-419e-b183-0920202bea04","name":"line 12","type":"Line","geometry":"17f3ca76-9306-46fb-83f5-b1c8bab8e367","material":"1130ad52-55bd-4475-9d81-ddb2fae1d9f6","matrix":[1,0,0,0,0,1,0,0,0,0,1,0,0,0,0,1],"userData":{"layer":"Default"}},{"uuid":"1ba8b116-48ba-40df-8df7-aa960439c963","name":"line 13","type":"Line","geometry":"967fbddd-d62e-48d7-8a3e-6741fad49e7f","material":"1130ad52-55bd-4475-9d81-ddb2fae1d9f6","matrix":[1,0,0,0,0,1,0,0,0,0,1,0,0,0,0,1],"userData":{"layer":"Default"}},{"uuid":"4b7ab632-aa82-4edd-a46f-a8ae5ab0cee2","name":"line 14","type":"Line","geometry":"b627aa17-3f5a-461b-8445-e65991bae054","material":"1130ad52-55bd-4475-9d81-ddb2fae1d9f6","matrix":[1,0,0,0,0,1,0,0,0,0,1,0,0,0,0,1],"userData":{"layer":"Default"}},{"uuid":"40c41ebc-5090-451d-bca9-61acfd62dc1b","name":"line 15","type":"Line","geometry":"fde6c5a8-13e5-4c8f-8143-b039f0a6c9d3","material":"1130ad52-55bd-4475-9d81-ddb2fae1d9f6","matrix":[1,0,0,0,0,1,0,0,0,0,1,0,0,0,0,1],"userData":{"layer":"Default"}},{"uuid":"5382735d-0a1b-4986-adfc-2498eaabf78b","name":"line 16","type":"Line","geometry":"232cad41-cce0-4d1e-8749-33d07fa992de","material":"1130ad52-55bd-4475-9d81-ddb2fae1d9f6","matrix":[1,0,0,0,0,1,0,0,0,0,1,0,0,0,0,1],"userData":{"layer":"Default"}},{"uuid":"c4efaad9-7533-4a59-91c5-299144f1b655","name":"line 17","type":"Line","geometry":"890f7b3a-27fe-4bb1-8999-d2ec279a5165","material":"1130ad52-55bd-4475-9d81-ddb2fae1d9f6","matrix":[1,0,0,0,0,1,0,0,0,0,1,0,0,0,0,1],"userData":{"layer":"Default"}},{"uuid":"00d8bfc5-fd64-4174-8f6d-e88b862b628d","name":"line 18","type":"Line","geometry":"5c63aea2-548a-4070-b5c9-73ad5ddce042","material":"1130ad52-55bd-4475-9d81-ddb2fae1d9f6","matrix":[1,0,0,0,0,1,0,0,0,0,1,0,0,0,0,1],"userData":{"layer":"Default"}},{"uuid":"ace07c95-17d8-4de8-b977-2ce6bb336f55","name":"line 19","type":"Line","geometry":"d17b7c01-bcf1-471a-8ade-6113c4e7462d","material":"1130ad52-55bd-4475-9d81-ddb2fae1d9f6","matrix":[1,0,0,0,0,1,0,0,0,0,1,0,0,0,0,1],"userData":{"layer":"Default"}},{"uuid":"06d57654-bd2b-489f-a15b-251a1b6a7202","name":"line 20","type":"Line","geometry":"aac073ea-32c3-43bf-866a-b5604bf1f9ad","material":"1130ad52-55bd-4475-9d81-ddb2fae1d9f6","matrix":[1,0,0,0,0,1,0,0,0,0,1,0,0,0,0,1],"userData":{"layer":"Default"}},{"uuid":"6fb3a312-ed52-4e70-b973-f06357d8ef21","name":"line 21","type":"Line","geometry":"875ea371-6607-4295-88db-94c658d85fcb","material":"1130ad52-55bd-4475-9d81-ddb2fae1d9f6","matrix":[1,0,0,0,0,1,0,0,0,0,1,0,0,0,0,1],"userData":{"layer":"Default"}},{"uuid":"bd894bb9-7bf0-4634-8cb9-89ccef81c4c9","name":"line 22","type":"Line","geometry":"1c617a9a-3e56-484d-8944-3e6583575fe0","material":"1130ad52-55bd-4475-9d81-ddb2fae1d9f6","matrix":[1,0,0,0,0,1,0,0,0,0,1,0,0,0,0,1],"userData":{"layer":"Default"}},{"uuid":"4f0f7f4c-7909-4216-a7e9-0faca538100c","name":"line 23","type":"Line","geometry":"ec0e10bb-ccdc-4df3-94fc-238de139ca71","material":"1130ad52-55bd-4475-9d81-ddb2fae1d9f6","matrix":[1,0,0,0,0,1,0,0,0,0,1,0,0,0,0,1],"userData":{"layer":"Default"}},{"uuid":"68d8263f-191f-42fd-a7ad-61c24884a0f7","name":"line 24","type":"Line","geometry":"40d44feb-f06c-4ea6-8adf-fe404d24e4fc","material":"1130ad52-55bd-4475-9d81-ddb2fae1d9f6","matrix":[1,0,0,0,0,1,0,0,0,0,1,0,0,0,0,1],"userData":{"layer":"Default"}},{"uuid":"0a7510c4-e423-47b9-8a93-5c74576fc03c","name":"line 25","type":"Line","geometry":"cf64c6e1-9c4c-4531-8fc2-1d06f560f467","material":"1130ad52-55bd-4475-9d81-ddb2fae1d9f6","matrix":[1,0,0,0,0,1,0,0,0,0,1,0,0,0,0,1],"userData":{"layer":"Default"}},{"uuid":"2f211f0e-8733-476c-be08-9d16667e0918","name":"line 26","type":"Line","geometry":"a5c85718-e038-4c5c-a47d-62eaa482848a","material":"1130ad52-55bd-4475-9d81-ddb2fae1d9f6","matrix":[1,0,0,0,0,1,0,0,0,0,1,0,0,0,0,1],"userData":{"layer":"Default"}},{"uuid":"d17d4954-f736-4e77-8d2b-3ac1cc7f2da2","name":"line 27","type":"Line","geometry":"0934f638-f2bb-4abc-8074-7239dbf5f0cd","material":"1130ad52-55bd-4475-9d81-ddb2fae1d9f6","matrix":[1,0,0,0,0,1,0,0,0,0,1,0,0,0,0,1],"userData":{"layer":"Default"}}],"userData":{"views":[],"layers":[{"name":"Wall"},{"name":"Window"},{"name":"Default"}]}}}