{"metadata":{"version":4.3,"type":"Object","generator":"Spectacles_Grasshopper_Exporter"},"geometries":[{"uuid":"7a469043-38d9-4ad2-88f6-056a2ce26659","type":"Geometry","data":{"vertices":[-2023.70679,3000.0,-164.3564,-2023.70679,0.0,-164.3564,-4675.35742,0.0,2487.29395,-4675.35742,3000.0,2487.29395,-2097.57471,2563.60474,-90.48845,-2097.57471,463.60477,-90.48845,-4218.89502,463.60477,2030.83191,-4218.89502,2563.60474,2030.83191],"faces":[0,3,7,6,0,4,7,3,0,2,3,6,0,4,3,0,0,1,2,6,0,5,4,0,0,1,6,5,0,5,0,1],"normals":[],"uvs":[],"scale":1,"visible":true,"castShadow":true,"receiveShadow":false,"doubleSided":true,"colors":["0xE6B43C","0xE6B43C","0xE6B43C","0xE6B43C","0xE6B43C","0xE6B43C","0xE6B43C","0xE6B43C"]}},{"uuid":"cc8010d1-f79d-459a-acd5-c46ecab53ec0","type":"Geometry","data":{"vertices":[557.23297,3000.0,5245.01025,557.23297,0.0,5245.01025,-750.91455,0.0,3936.86304,-750.91455,3000.0,3936.86304,-750.91455,3000.0,3936.86304,-750.91455,0.0,3936.86304,663.29901,0.0,2522.64941,663.29901,3000.0,2522.64941,663.29901,3000.0,2522.64941,663.29901,0.0,2522.64941,-2023.70679,0.0,-164.3564,-2023.70679,3000.0,-164.3564,-4675.35742,3000.0,2487.29395,-4675.35742,0.0,2487.29395,-680.20386,0.0,6482.44727,-680.20386,3000.0,6482.44727,-680.20386,3000.0,6482.44727,-680.20386,0.0,6482.44727,557.23297,0.0,5245.01025,557.23297,3000.0,5245.01025],"faces":[0,0,1,2,0,0,2,3,0,4,5,6,0,4,6,7,0,8,9,10,0,8,10,11,0,12,13,14,0,12,14,15,0,16,17,18,0,16,18,19],"normals":[],"uvs":[],"scale":1,"visible":true,"castShadow":true,"receiveShadow":false,"doubleSided":true,"colors":["0xE6D796","0xE6D796","0xE6D796","0xE6D796","0xE6D796","0xE6D796","0xE6D796","0xE6D796","0xE6D796","0xE6D796","0xE6D796","0xE6D796","0xE6D796","0xE6D796","0xE6D796","0xE6D796","0xE6D796","0xE6D796","0xE6D796","0xE6D796"]}},{"uuid":"a85bbc8e-cff4-453b-b053-0aa3345093ab","type":"Geometry","data":{"vertices":[557.23297,3000.0,5245.01025,-750.91455,3000.0,3936.86304,663.29901,3000.0,2522.64941,-2023.70679,3000.0,-164.3564,-4675.35742,3000.0,2487.29395,-680.20386,3000.0,6482.44727],"faces":[0,4,5,0,0,1,2,3,0,4,0,1,0,1,3,4],"normals":[],"uvs":[],"scale":1,"visible":true,"castShadow":true,"receiveShadow":false,"doubleSided":true,"colors":["0xFF8080","0xFF8080","0xFF8080","0xFF8080","0xFF8080","0xFF8080"]}},{"uuid":"b012c582-b3d6-4554-aa36-335fcc3432c3","type":"Geometry","data":{"vertices":[-4675.35742,0.0,2487.29395,-2023.70679,0.0,-164.3564,663.29901,0.0,2522.64941,-750.91455,0.0,3936.86304,557.23297,0.0,5245.01025,-680.20386,0.0,6482.44727],"faces":[0,4,5,0,0,0,1,2,0,3,4,0,0,0,2,3],"normals":[],"uvs":[],"scale":1,"visible":true,"castShadow":true,"receiveShadow":false,"doubleSided":true,"colors":["0xFF8080","0xFF8080","0xFF8080","0xFF8080","0xFF8080","0xFF8080"]}},{"uuid":"061bf97c-8bb8-4e26-aaf6-f9cd2330eec8","type":"Geometry","data":{"vertices":[-2097.57471,2563.60474,-90.48845,-2097.57471,463.60477,-90.48845,-4218.89502,463.60477,2030.83191,-4218.89502,2563.60474,2030.83191],"faces":[0,0,1,2,0,0,2,3],"normals":[],"uvs":[],"scale":1,"visible":true,"castShadow":true,"receiveShadow":false,"doubleSided":true,"colors":["0x40B4FF","0x40B4FF","0x40B4FF","0x40B4FF"]}},{"uuid":"eb2b625f-448f-48f7-9aa5-ecdadbbf6828","type":"Geometry","data":{"vertices":[0.0,0.0,0.0,0.0,0.0,750.0],"normals":[],"uvs":[],"faces":[],"scale":1,"visible":true,"castShadow":true,"receiveShadow":false}},{"uuid":"cbd9a3b6-5dd2-4540-87b8-1b1d119aa932","type":"Geometry","data":{"vertices":[-650.0,0.0,0.0,-610.8002,0.0,222.31309],"normals":[],"uvs":[],"faces":[],"scale":1,"visible":true,"castShadow":true,"receiveShadow":false}},{"uuid":"e52ba952-6d26-4b56-b188-5132471367eb","type":"Geometry","data":{"vertices":[-610.8002,0.0,222.31309,-497.92889,0.0,417.81195],"normals":[],"uvs":[],"faces":[],"scale":1,"visible":true,"castShadow":true,"receiveShadow":false}},{"uuid":"d3915e2e-04b8-4b63-ae2d-ca1447f27a45","type":"Geometry","data":{"vertices":[-497.92889,0.0,417.81195,-325.0,0.0,562.91651],"normals":[],"uvs":[],"faces":[],"scale":1,"visible":true,"castShadow":true,"receiveShadow":false}},{"uuid":"d8f11aa6-eb07-4330-a54e-9e06f4b0702f","type":"Geometry","data":{"vertices":[-325.0,0.0,562.91651,-112.87132,0.0,640.12504],"normals":[],"uvs":[],"faces":[],"scale":1,"visible":true,"castShadow":true,"receiveShadow":false}},{"uuid":"4f795832-b75c-4887-8ff5-e9fb77af098a","type":"Geometry","data":{"vertices":[-112.87132,0.0,640.12504,112.87132,0.0,640.12504],"normals":[],"uvs":[],"faces":[],"scale":1,"visible":true,"castShadow":true,"receiveShadow":false}},{"uuid":"6eff1742-734b-4e9c-aff2-013769bb4b38","type":"Geometry","data":{"vertices":[112.87132,0.0,640.12504,325.0,0.0,562.91651],"normals":[],"uvs":[],"faces":[],"scale":1,"visible":true,"castShadow":true,"receiveShadow":false}},{"uuid":"e2c7d2b9-3708-4ee7-8671-5935463fd95a","type":"Geometry","data":{"vertices":[325.0,0.0,562.91651,497.92889,0.0,417.81195],"normals":[],"uvs":[],"faces":[],"scale":1,"visible":true,"castShadow":true,"receiveShadow":false}},{"uuid":"1fe568fe-8a3e-4ee2-91dd-01764f07c384","type":"Geometry","data":{"vertices":[497.92889,0.0,417.81195,610.8002,0.0,222.31309],"normals":[],"uvs":[],"faces":[],"scale":1,"visible":true,"castShadow":true,"receiveShadow":false}},{"uuid":"1fb5fcfb-6439-4b6d-aed2-156633245778","type":"Geometry","data":{"vertices":[610.8002,0.0,222.31309,650.0,0.0,0.0],"normals":[],"uvs":[],"faces":[],"scale":1,"visible":true,"castShadow":true,"receiveShadow":false}},{"uuid":"f467bee2-87d2-4b68-bc5c-0b77202fd87c","type":"Geometry","data":{"vertices":[650.0,0.0,0.0,610.8002,0.0,-222.31309],"normals":[],"uvs":[],"faces":[],"scale":1,"visible":true,"castShadow":true,"receiveShadow":false}},{"uuid":"9c185145-7a0f-46e3-98b2-e3ee08ed09da","type":"Geometry","data":{"vertices":[610.8002,0.0,-222.31309,497.92889,0.0,-417.81195],"normals":[],"uvs":[],"faces":[],"scale":1,"visible":true,"castShadow":true,"receiveShadow":false}},{"uuid":"8e717a00-13f2-4fe7-b5b4-aac942034a2e","type":"Geometry","data":{"vertices":[497.92889,0.0,-417.81195,325.0,0.0,-562.91651],"normals":[],"uvs":[],"faces":[],"scale":1,"visible":true,"castShadow":true,"receiveShadow":false}},{"uuid":"e58dcb1b-55d5-4683-83c0-820e4fa52c83","type":"Geometry","data":{"vertices":[325.0,0.0,-562.91651,112.87132,0.0,-640.12504],"normals":[],"uvs":[],"faces":[],"scale":1,"visible":true,"castShadow":true,"receiveShadow":false}},{"uuid":"05622aa2-8a77-4b3e-b18a-2eec3f1d5fcb","type":"Geometry","data":{"vertices":[112.87132,0.0,-640.12504,-112.87132,0.0,-640.12504],"normals":[],"uvs":[],"faces":[],"scale":1,"visible":true,"castShadow":true,"receiveShadow":false}},{"uuid":"4561e574-1a3f-41b3-ae69-dfcb52d749ba","type":"Geometry","data":{"vertices":[-112.87132,0.0,-640.12504,-325.0,0.0,-562.91651],"normals":[],"uvs":[],"faces":[],"scale":1,"visible":true,"castShadow":true,"receiveShadow":false}},{"uuid":"66241a63-8749-4baa-89ed-81afe2b488f8","type":"Geometry","data":{"vertices":[-325.0,0.0,-562.91651,-497.92889,0.0,-417.81195],"normals":[],"uvs":[],"faces":[],"scale":1,"visible":true,"castShadow":true,"receiveShadow":false}},{"uuid":"d195afa8-86d8-44ab-997c-525ed9495aaf","type":"Geometry","data":{"vertices":[-497.92889,0.0,-417.81195,-610.8002,0.0,-222.31309],"normals":[],"uvs":[],"faces":[],"scale":1,"visible":true,"castShadow":true,"receiveShadow":false}},{"uuid":"271f6b3c-1cd2-4391-a6b5-5d160f6de6b9","type":"Geometry","data":{"vertices":[-610.8002,0.0,-222.31309,-650.0,0.0,0.0],"normals":[],"uvs":[],"faces":[],"scale":1,"visible":true,"castShadow":true,"receiveShadow":false}},{"uuid":"c1162c17-5854-4aab-8efc-229e65125843","type":"Geometry","data":{"vertices":[0.0,0.0,500.0,0.0,0.0,750.0],"normals":[],"uvs":[],"faces":[],"scale":1,"visible":true,"castShadow":true,"receiveShadow":false}},{"uuid":"01c6a61c-612e-4e37-a261-6419cf89a515","type":"Geometry","data":{"vertices":[-500.0,0.0,0.0,-750.0,0.0,0.0],"normals":[],"uvs":[],"faces":[],"scale":1,"visible":true,"castShadow":true,"receiveShadow":false}},{"uuid":"d629c8de-73b3-4cc3-9944-4a7db8a31a2e","type":"Geometry","data":{"vertices":[0.0,0.0,-500.0,0.0,0.0,-750.0],"normals":[],"uvs":[],"faces":[],"scale":1,"visible":true,"castShadow":true,"receiveShadow":false}},{"uuid":"e57ea5fa-cd31-4d39-ad36-68fe32182004","type":"Geometry","data":{"vertices":[500.0,0.0,0.0,750.0,0.0,0.0],"normals":[],"uvs":[],"faces":[],"scale":1,"visible":true,"castShadow":true,"receiveShadow":false}}],"materials":[{"uuid":"03da3438-315c-4c3d-89b6-6a9a1918dec0","type":"MeshLambertMaterial","color":"0xFFCB3B","ambient":"0xFFCB3B","emissive":"0x000000","side":2,"opacity":1.0,"transparent":true,"shading":1,"vertexColors":0},{"uuid":"8845505a-f941-41b5-af5b-867b65e48ff8","type":"MeshLambertMaterial","color":"0xFFFFC7","ambient":"0xFFFFC7","emissive":"0x000000","side":2,"opacity":0.4,"transparent":true,"shading":1,"vertexColors":0},{"uuid":"c33e9252-3d52-4ba1-a8b9-d59a89baac86","type":"MeshLambertMaterial","color":"0x2A56F5","ambient":"0x2A56F5","emissive":"0x000000","side":2,"opacity":0.8,"transparent":true,"shading":1,"vertexColors":0},{"uuid":"e8642169-27e7-4c46-924c-37a30678fe80","type":"LineBasicMaterial","color":"0x000000","linewidth":1.0,"opacity":1.0}],"object":{"uuid":"2668b25f-b8bc-4913-bcc8-2f7915dc5ca3","type":"Scene","matrix":[1,0,0,0,0,1,0,0,0,0,1,0,0,0,0,1],"children":[{"uuid":"d5c4318c-9b46-48ce-9cdc-f99aabba4173","name":"mesh0","type":"Mesh","geometry":"7a469043-38d9-4ad2-88f6-056a2ce26659","material":"03da3438-315c-4c3d-89b6-6a9a1918dec0","matrix":[1,0,0,0,0,1,0,0,0,0,1,0,0,0,0,1],"userData":{"Material":"Wall","layer":"Wall"}},{"uuid":"82c961b4-4f6d-455f-9922-1c9674819137","name":"mesh1","type":"Mesh","geometry":"cc8010d1-f79d-459a-acd5-c46ecab53ec0","material":"8845505a-f941-41b5-af5b-867b65e48ff8","matrix":[1,0,0,0,0,1,0,0,0,0,1,0,0,0,0,1],"userData":{"Material":"Wall","layer":"Wall"}},{"uuid":"aa656619-5dfb-401f-90dc-2ad5212198cb","name":"mesh2","type":"Mesh","geometry":"a85bbc8e-cff4-453b-b053-0aa3345093ab","material":"8845505a-f941-41b5-af5b-867b65e48ff8","matrix":[1,0,0,0,0,1,0,0,0,0,1,0,0,0,0,1],"userData":{"Material":"Wall","layer":"Wall"}},{"uuid":"0acef7a6-0da1-4c06-9966-6e49b19eed6e","name":"mesh3","type":"Mesh","geometry":"b012c582-b3d6-4554-aa36-335fcc3432c3","material":"8845505a-f941-41b5-af5b-867b65e48ff8","matrix":[1,0,0,0,0,1,0,0,0,0,1,0,0,0,0,1],"userData":{"Material":"Wall","layer":"Wall"}},{"uuid":"76d508a7-04f3-49a0-83bf-4102836b7741","name":"mesh4","type":"Mesh","geometry":"061bf97c-8bb8-4e26-aaf6-f9cd2330eec8","material":"c33e9252-3d52-4ba1-a8b9-d59a89baac86","matrix":[1,0,0,0,0,1,0,0,0,0,1,0,0,0,0,1],"userData":{"Material":"Wall","layer":"Window"}},{"uuid":"7e70a232-6604-4d7e-8dcc-9d0f665e7a5d","name":"line 5","type":"Line","geometry":"eb2b625f-448f-48f7-9aa5-ecdadbbf6828","material":"e8642169-27e7-4c46-924c-37a30678fe80","matrix":[1,0,0,0,0,1,0,0,0,0,1,0,0,0,0,1],"userData":{"layer":"Default"}},{"uuid":"d48d3f43-7c40-4e53-91e5-aae14db46648","name":"line 6","type":"Line","geometry":"cbd9a3b6-5dd2-4540-87b8-1b1d119aa932","material":"e8642169-27e7-4c46-924c-37a30678fe80","matrix":[1,0,0,0,0,1,0,0,0,0,1,0,0,0,0,1],"userData":{"layer":"Default"}},{"uuid":"2127ad96-9230-4712-8e95-60d61dd8be33","name":"line 7","type":"Line","geometry":"e52ba952-6d26-4b56-b188-5132471367eb","material":"e8642169-27e7-4c46-924c-37a30678fe80","matrix":[1,0,0,0,0,1,0,0,0,0,1,0,0,0,0,1],"userData":{"layer":"Default"}},{"uuid":"180d98b3-da83-43df-a24d-7e4ea649884b","name":"line 8","type":"Line","geometry":"d3915e2e-04b8-4b63-ae2d-ca1447f27a45","material":"e8642169-27e7-4c46-924c-37a30678fe80","matrix":[1,0,0,0,0,1,0,0,0,0,1,0,0,0,0,1],"userData":{"layer":"Default"}},{"uuid":"98e9bb1d-5394-419c-9120-456295eda40b","name":"line 9","type":"Line","geometry":"d8f11aa6-eb07-4330-a54e-9e06f4b0702f","material":"e8642169-27e7-4c46-924c-37a30678fe80","matrix":[1,0,0,0,0,1,0,0,0,0,1,0,0,0,0,1],"userData":{"layer":"Default"}},{"uuid":"192c6891-2c42-4e2b-b9c6-eda8284cbb58","name":"line 10","type":"Line","geometry":"4f795832-b75c-4887-8ff5-e9fb77af098a","material":"e8642169-27e7-4c46-924c-37a30678fe80","matrix":[1,0,0,0,0,1,0,0,0,0,1,0,0,0,0,1],"userData":{"layer":"Default"}},{"uuid":"3affdc37-edb3-47a3-bd1e-1d4a5e6ff860","name":"line 11","type":"Line","geometry":"6eff1742-734b-4e9c-aff2-013769bb4b38","material":"e8642169-27e7-4c46-924c-37a30678fe80","matrix":[1,0,0,0,0,1,0,0,0,0,1,0,0,0,0,1],"userData":{"layer":"Default"}},{"uuid":"3f4a93a5-0c5e-47b7-afe3-c4ff9a586da0","name":"line 12","type":"Line","geometry":"e2c7d2b9-3708-4ee7-8671-5935463fd95a","material":"e8642169-27e7-4c46-924c-37a30678fe80","matrix":[1,0,0,0,0,1,0,0,0,0,1,0,0,0,0,1],"userData":{"layer":"Default"}},{"uuid":"a17a3dd7-9b5a-45dc-9680-caa1c8ea90cd","name":"line 13","type":"Line","geometry":"1fe568fe-8a3e-4ee2-91dd-01764f07c384","material":"e8642169-27e7-4c46-924c-37a30678fe80","matrix":[1,0,0,0,0,1,0,0,0,0,1,0,0,0,0,1],"userData":{"layer":"Default"}},{"uuid":"9e7f7230-b705-4913-94bd-e01ceb8a0d2b","name":"line 14","type":"Line","geometry":"1fb5fcfb-6439-4b6d-aed2-156633245778","material":"e8642169-27e7-4c46-924c-37a30678fe80","matrix":[1,0,0,0,0,1,0,0,0,0,1,0,0,0,0,1],"userData":{"layer":"Default"}},{"uuid":"4d7d8a13-8bb7-4494-9dbe-4ecfcdd04eee","name":"line 15","type":"Line","geometry":"f467bee2-87d2-4b68-bc5c-0b77202fd87c","material":"e8642169-27e7-4c46-924c-37a30678fe80","matrix":[1,0,0,0,0,1,0,0,0,0,1,0,0,0,0,1],"userData":{"layer":"Default"}},{"uuid":"30a6cf23-8057-4c9f-9993-6d8e11c989cb","name":"line 16","type":"Line","geometry":"9c185145-7a0f-46e3-98b2-e3ee08ed09da","material":"e8642169-27e7-4c46-924c-37a30678fe80","matrix":[1,0,0,0,0,1,0,0,0,0,1,0,0,0,0,1],"userData":{"layer":"Default"}},{"uuid":"d5a54185-7e35-40e7-944a-6d322b025f62","name":"line 17","type":"Line","geometry":"8e717a00-13f2-4fe7-b5b4-aac942034a2e","material":"e8642169-27e7-4c46-924c-37a30678fe80","matrix":[1,0,0,0,0,1,0,0,0,0,1,0,0,0,0,1],"userData":{"layer":"Default"}},{"uuid":"68740115-6801-4ffe-86f5-3e99ad0578f8","name":"line 18","type":"Line","geometry":"e58dcb1b-55d5-4683-83c0-820e4fa52c83","material":"e8642169-27e7-4c46-924c-37a30678fe80","matrix":[1,0,0,0,0,1,0,0,0,0,1,0,0,0,0,1],"userData":{"layer":"Default"}},{"uuid":"2e9e2f1c-18d2-41c6-8ce8-ef15ac1bf73b","name":"line 19","type":"Line","geometry":"05622aa2-8a77-4b3e-b18a-2eec3f1d5fcb","material":"e8642169-27e7-4c46-924c-37a30678fe80","matrix":[1,0,0,0,0,1,0,0,0,0,1,0,0,0,0,1],"userData":{"layer":"Default"}},{"uuid":"dc42e237-eb2b-4100-ba54-345364fd4e15","name":"line 20","type":"Line","geometry":"4561e574-1a3f-41b3-ae69-dfcb52d749ba","material":"e8642169-27e7-4c46-924c-37a30678fe80","matrix":[1,0,0,0,0,1,0,0,0,0,1,0,0,0,0,1],"userData":{"layer":"Default"}},{"uuid":"0fea937a-c0ef-41c0-952f-f4f4fba2088c","name":"line 21","type":"Line","geometry":"66241a63-8749-4baa-89ed-81afe2b488f8","material":"e8642169-27e7-4c46-924c-37a30678fe80","matrix":[1,0,0,0,0,1,0,0,0,0,1,0,0,0,0,1],"userData":{"layer":"Default"}},{"uuid":"0add76e6-ff3a-418b-9eee-ef703da190d6","name":"line 22","type":"Line","geometry":"d195afa8-86d8-44ab-997c-525ed9495aaf","material":"e8642169-27e7-4c46-924c-37a30678fe80","matrix":[1,0,0,0,0,1,0,0,0,0,1,0,0,0,0,1],"userData":{"layer":"Default"}},{"uuid":"8cbf88fc-2af7-451b-ad93-fcb1769f7a72","name":"line 23","type":"Line","geometry":"271f6b3c-1cd2-4391-a6b5-5d160f6de6b9","material":"e8642169-27e7-4c46-924c-37a30678fe80","matrix":[1,0,0,0,0,1,0,0,0,0,1,0,0,0,0,1],"userData":{"layer":"Default"}},{"uuid":"1b68ca14-4bdc-4ba9-843d-029d4889aed0","name":"line 24","type":"Line","geometry":"c1162c17-5854-4aab-8efc-229e65125843","material":"e8642169-27e7-4c46-924c-37a30678fe80","matrix":[1,0,0,0,0,1,0,0,0,0,1,0,0,0,0,1],"userData":{"layer":"Default"}},{"uuid":"cc94e9a3-b50f-4c10-9f1a-3fa380fc27bc","name":"line 25","type":"Line","geometry":"01c6a61c-612e-4e37-a261-6419cf89a515","material":"e8642169-27e7-4c46-924c-37a30678fe80","matrix":[1,0,0,0,0,1,0,0,0,0,1,0,0,0,0,1],"userData":{"layer":"Default"}},{"uuid":"835a494e-41e0-46b5-b235-f7c33b4bb96d","name":"line 26","type":"Line","geometry":"d629c8de-73b3-4cc3-9944-4a7db8a31a2e","material":"e8642169-27e7-4c46-924c-37a30678fe80","matrix":[1,0,0,0,0,1,0,0,0,0,1,0,0,0,0,1],"userData":{"layer":"Default"}},{"uuid":"d52c6470-4483-46c6-b4ab-025aa7bf400c","name":"line 27","type":"Line","geometry":"e57ea5fa-cd31-4d39-ad36-68fe32182004","material":"e8642169-27e7-4c46-924c-37a30678fe80","matrix":[1,0,0,0,0,1,0,0,0,0,1,0,0,0,0,1],"userData":{"layer":"Default"}}],"userData":{"views":[],"layers":[{"name":"Wall"},{"name":"Window"},{"name":"Default"}]}}}