{"metadata":{"version":4.3,"type":"Object","generator":"Spectacles_Grasshopper_Exporter"},"geometries":[{"uuid":"d8f6553e-3654-45a8-b3b8-a783495e6440","type":"Geometry","data":{"vertices":[-2023.70679,3000.0,-164.3564,-2023.70679,0.0,-164.3564,-4675.35742,0.0,2487.29395,-4675.35742,3000.0,2487.29395,-2097.57471,2563.60474,-90.48845,-2097.57471,863.60474,-90.48845,-4643.15918,863.60474,2455.09595,-4643.15918,2563.60474,2455.09595],"faces":[0,3,7,6,0,4,7,3,0,2,3,6,0,4,3,0,0,1,2,6,0,5,4,0,0,1,6,5,0,5,0,1],"normals":[],"uvs":[],"scale":1,"visible":true,"castShadow":true,"receiveShadow":false,"doubleSided":true,"colors":["0xE6B43C","0xE6B43C","0xE6B43C","0xE6B43C","0xE6B43C","0xE6B43C","0xE6B43C","0xE6B43C"]}},{"uuid":"a0222868-6a3c-40fa-90e0-ca79e111da50","type":"Geometry","data":{"vertices":[557.23297,3000.0,5245.01025,557.23297,0.0,5245.01025,-750.91455,0.0,3936.86304,-750.91455,3000.0,3936.86304,-750.91455,3000.0,3936.86304,-750.91455,0.0,3936.86304,663.29901,0.0,2522.64941,663.29901,3000.0,2522.64941,663.29901,3000.0,2522.64941,663.29901,0.0,2522.64941,-2023.70679,0.0,-164.3564,-2023.70679,3000.0,-164.3564,-4675.35742,3000.0,2487.29395,-4675.35742,0.0,2487.29395,-680.20386,0.0,6482.44727,-680.20386,3000.0,6482.44727,-680.20386,3000.0,6482.44727,-680.20386,0.0,6482.44727,557.23297,0.0,5245.01025,557.23297,3000.0,5245.01025],"faces":[0,0,1,2,0,0,2,3,0,4,5,6,0,4,6,7,0,8,9,10,0,8,10,11,0,12,13,14,0,12,14,15,0,16,17,18,0,16,18,19],"normals":[],"uvs":[],"scale":1,"visible":true,"castShadow":true,"receiveShadow":false,"doubleSided":true,"colors":["0xE6D796","0xE6D796","0xE6D796","0xE6D796","0xE6D796","0xE6D796","0xE6D796","0xE6D796","0xE6D796","0xE6D796","0xE6D796","0xE6D796","0xE6D796","0xE6D796","0xE6D796","0xE6D796","0xE6D796","0xE6D796","0xE6D796","0xE6D796"]}},{"uuid":"f4c2089f-f67e-4efd-bea3-41b13dfa7cae","type":"Geometry","data":{"vertices":[557.23297,3000.0,5245.01025,-750.91455,3000.0,3936.86304,663.29901,3000.0,2522.64941,-2023.70679,3000.0,-164.3564,-4675.35742,3000.0,2487.29395,-680.20386,3000.0,6482.44727],"faces":[0,4,5,0,0,1,2,3,0,4,0,1,0,1,3,4],"normals":[],"uvs":[],"scale":1,"visible":true,"castShadow":true,"receiveShadow":false,"doubleSided":true,"colors":["0xFF8080","0xFF8080","0xFF8080","0xFF8080","0xFF8080","0xFF8080"]}},{"uuid":"97aa48a9-9b0a-4c5d-a3c7-a6d286d084dc","type":"Geometry","data":{"vertices":[-4675.35742,0.0,2487.29395,-2023.70679,0.0,-164.3564,663.29901,0.0,2522.64941,-750.91455,0.0,3936.86304,557.23297,0.0,5245.01025,-680.20386,0.0,6482.44727],"faces":[0,4,5,0,0,0,1,2,0,3,4,0,0,0,2,3],"normals":[],"uvs":[],"scale":1,"visible":true,"castShadow":true,"receiveShadow":false,"doubleSided":true,"colors":["0xFF8080","0xFF8080","0xFF8080","0xFF8080","0xFF8080","0xFF8080"]}},{"uuid":"b9acefc2-c525-476e-94af-49819dd19c46","type":"Geometry","data":{"vertices":[-2097.57471,2563.60474,-90.48845,-2097.57471,863.60474,-90.48845,-4643.15918,863.60474,2455.09595,-4643.15918,2563.60474,2455.09595],"faces":[0,0,1,2,0,0,2,3],"normals":[],"uvs":[],"scale":1,"visible":true,"castShadow":true,"receiveShadow":false,"doubleSided":true,"colors":["0x40B4FF","0x40B4FF","0x40B4FF","0x40B4FF"]}},{"uuid":"a30223bc-e9f9-4818-8032-1b87cbcee9de","type":"Geometry","data":{"vertices":[0.0,0.0,0.0,0.0,0.0,750.0],"normals":[],"uvs":[],"faces":[],"scale":1,"visible":true,"castShadow":true,"receiveShadow":false}},{"uuid":"c49d1d41-1e9b-449b-ae4b-f4ed695aa974","type":"Geometry","data":{"vertices":[-650.0,0.0,0.0,-610.8002,0.0,222.31309],"normals":[],"uvs":[],"faces":[],"scale":1,"visible":true,"castShadow":true,"receiveShadow":false}},{"uuid":"99b265e0-5810-4a5f-ab21-0a971a26f192","type":"Geometry","data":{"vertices":[-610.8002,0.0,222.31309,-497.92889,0.0,417.81195],"normals":[],"uvs":[],"faces":[],"scale":1,"visible":true,"castShadow":true,"receiveShadow":false}},{"uuid":"3b5af002-d2f2-4dbe-ba14-62b870b3658d","type":"Geometry","data":{"vertices":[-497.92889,0.0,417.81195,-325.0,0.0,562.91651],"normals":[],"uvs":[],"faces":[],"scale":1,"visible":true,"castShadow":true,"receiveShadow":false}},{"uuid":"23b4fea4-84f2-4daa-bfa6-209e102a4110","type":"Geometry","data":{"vertices":[-325.0,0.0,562.91651,-112.87132,0.0,640.12504],"normals":[],"uvs":[],"faces":[],"scale":1,"visible":true,"castShadow":true,"receiveShadow":false}},{"uuid":"b0248094-722c-4891-a946-81e7165eb231","type":"Geometry","data":{"vertices":[-112.87132,0.0,640.12504,112.87132,0.0,640.12504],"normals":[],"uvs":[],"faces":[],"scale":1,"visible":true,"castShadow":true,"receiveShadow":false}},{"uuid":"c8abf5d8-7481-4d11-be6d-b8b297a6d183","type":"Geometry","data":{"vertices":[112.87132,0.0,640.12504,325.0,0.0,562.91651],"normals":[],"uvs":[],"faces":[],"scale":1,"visible":true,"castShadow":true,"receiveShadow":false}},{"uuid":"d2dbd39b-8979-4326-896b-27b3817e6f58","type":"Geometry","data":{"vertices":[325.0,0.0,562.91651,497.92889,0.0,417.81195],"normals":[],"uvs":[],"faces":[],"scale":1,"visible":true,"castShadow":true,"receiveShadow":false}},{"uuid":"e261b827-1ead-4221-b77e-de03a6cf67b8","type":"Geometry","data":{"vertices":[497.92889,0.0,417.81195,610.8002,0.0,222.31309],"normals":[],"uvs":[],"faces":[],"scale":1,"visible":true,"castShadow":true,"receiveShadow":false}},{"uuid":"c14f4e86-3eb9-495d-ab87-121002e138ef","type":"Geometry","data":{"vertices":[610.8002,0.0,222.31309,650.0,0.0,0.0],"normals":[],"uvs":[],"faces":[],"scale":1,"visible":true,"castShadow":true,"receiveShadow":false}},{"uuid":"5150e638-a752-4967-9f0e-2d8ffd369f09","type":"Geometry","data":{"vertices":[650.0,0.0,0.0,610.8002,0.0,-222.31309],"normals":[],"uvs":[],"faces":[],"scale":1,"visible":true,"castShadow":true,"receiveShadow":false}},{"uuid":"61d25ec2-f322-47ec-8ddb-b323bedda494","type":"Geometry","data":{"vertices":[610.8002,0.0,-222.31309,497.92889,0.0,-417.81195],"normals":[],"uvs":[],"faces":[],"scale":1,"visible":true,"castShadow":true,"receiveShadow":false}},{"uuid":"2e204d41-84e6-4e7b-ab9c-2129fca0230d","type":"Geometry","data":{"vertices":[497.92889,0.0,-417.81195,325.0,0.0,-562.91651],"normals":[],"uvs":[],"faces":[],"scale":1,"visible":true,"castShadow":true,"receiveShadow":false}},{"uuid":"fa066480-e808-4bdb-97de-ff1fd915a216","type":"Geometry","data":{"vertices":[325.0,0.0,-562.91651,112.87132,0.0,-640.12504],"normals":[],"uvs":[],"faces":[],"scale":1,"visible":true,"castShadow":true,"receiveShadow":false}},{"uuid":"15e372aa-ed10-4665-b30c-f7520c2a4231","type":"Geometry","data":{"vertices":[112.87132,0.0,-640.12504,-112.87132,0.0,-640.12504],"normals":[],"uvs":[],"faces":[],"scale":1,"visible":true,"castShadow":true,"receiveShadow":false}},{"uuid":"6e031590-6db5-4051-a8aa-f894a2a10918","type":"Geometry","data":{"vertices":[-112.87132,0.0,-640.12504,-325.0,0.0,-562.91651],"normals":[],"uvs":[],"faces":[],"scale":1,"visible":true,"castShadow":true,"receiveShadow":false}},{"uuid":"65585db1-dd0c-403d-b8e3-7a1e0652217e","type":"Geometry","data":{"vertices":[-325.0,0.0,-562.91651,-497.92889,0.0,-417.81195],"normals":[],"uvs":[],"faces":[],"scale":1,"visible":true,"castShadow":true,"receiveShadow":false}},{"uuid":"334b84b5-8ec8-4c8d-b115-fa60480104bc","type":"Geometry","data":{"vertices":[-497.92889,0.0,-417.81195,-610.8002,0.0,-222.31309],"normals":[],"uvs":[],"faces":[],"scale":1,"visible":true,"castShadow":true,"receiveShadow":false}},{"uuid":"db492e07-f1fd-4feb-82c2-806d6e7b4e2b","type":"Geometry","data":{"vertices":[-610.8002,0.0,-222.31309,-650.0,0.0,0.0],"normals":[],"uvs":[],"faces":[],"scale":1,"visible":true,"castShadow":true,"receiveShadow":false}},{"uuid":"54a19576-b0ff-4933-8339-f0e85f457063","type":"Geometry","data":{"vertices":[0.0,0.0,500.0,0.0,0.0,750.0],"normals":[],"uvs":[],"faces":[],"scale":1,"visible":true,"castShadow":true,"receiveShadow":false}},{"uuid":"3a6f5644-6b19-439b-8edb-ed585c20fa5a","type":"Geometry","data":{"vertices":[-500.0,0.0,0.0,-750.0,0.0,0.0],"normals":[],"uvs":[],"faces":[],"scale":1,"visible":true,"castShadow":true,"receiveShadow":false}},{"uuid":"51015016-0563-4c75-900c-77656b52cc99","type":"Geometry","data":{"vertices":[0.0,0.0,-500.0,0.0,0.0,-750.0],"normals":[],"uvs":[],"faces":[],"scale":1,"visible":true,"castShadow":true,"receiveShadow":false}},{"uuid":"12deebc2-a8e2-47a5-a9e6-7398204ba9d6","type":"Geometry","data":{"vertices":[500.0,0.0,0.0,750.0,0.0,0.0],"normals":[],"uvs":[],"faces":[],"scale":1,"visible":true,"castShadow":true,"receiveShadow":false}}],"materials":[{"uuid":"03da3438-315c-4c3d-89b6-6a9a1918dec0","type":"MeshLambertMaterial","color":"0xFFCB3B","ambient":"0xFFCB3B","emissive":"0x000000","side":2,"opacity":1.0,"transparent":true,"shading":1,"vertexColors":0},{"uuid":"8845505a-f941-41b5-af5b-867b65e48ff8","type":"MeshLambertMaterial","color":"0xFFFFC7","ambient":"0xFFFFC7","emissive":"0x000000","side":2,"opacity":0.4,"transparent":true,"shading":1,"vertexColors":0},{"uuid":"c33e9252-3d52-4ba1-a8b9-d59a89baac86","type":"MeshLambertMaterial","color":"0x2A56F5","ambient":"0x2A56F5","emissive":"0x000000","side":2,"opacity":0.8,"transparent":true,"shading":1,"vertexColors":0},{"uuid":"bff1d96c-1988-45f4-8673-596628a84914","type":"LineBasicMaterial","color":"0x000000","linewidth":1.0,"opacity":1.0}],"object":{"uuid":"01e7f636-2279-45f5-9fcf-c7bf3a1f573b","type":"Scene","matrix":[1,0,0,0,0,1,0,0,0,0,1,0,0,0,0,1],"children":[{"uuid":"e6779709-4a3a-4771-af79-7a5e60bf4c7b","name":"mesh0","type":"Mesh","geometry":"d8f6553e-3654-45a8-b3b8-a783495e6440","material":"03da3438-315c-4c3d-89b6-6a9a1918dec0","matrix":[1,0,0,0,0,1,0,0,0,0,1,0,0,0,0,1],"userData":{"Material":"Wall","layer":"Wall"}},{"uuid":"96b02528-bb1d-4782-b3a4-75ca5413e0f5","name":"mesh1","type":"Mesh","geometry":"a0222868-6a3c-40fa-90e0-ca79e111da50","material":"8845505a-f941-41b5-af5b-867b65e48ff8","matrix":[1,0,0,0,0,1,0,0,0,0,1,0,0,0,0,1],"userData":{"Material":"Wall","layer":"Wall"}},{"uuid":"0f95b158-96f2-4f14-a279-32d9861db4f6","name":"mesh2","type":"Mesh","geometry":"f4c2089f-f67e-4efd-bea3-41b13dfa7cae","material":"8845505a-f941-41b5-af5b-867b65e48ff8","matrix":[1,0,0,0,0,1,0,0,0,0,1,0,0,0,0,1],"userData":{"Material":"Wall","layer":"Wall"}},{"uuid":"6d247e5f-fd03-487e-99a0-aa874375f768","name":"mesh3","type":"Mesh","geometry":"97aa48a9-9b0a-4c5d-a3c7-a6d286d084dc","material":"8845505a-f941-41b5-af5b-867b65e48ff8","matrix":[1,0,0,0,0,1,0,0,0,0,1,0,0,0,0,1],"userData":{"Material":"Wall","layer":"Wall"}},{"uuid":"630b7a05-f57d-4777-bc4a-74a3104a68d1","name":"mesh4","type":"Mesh","geometry":"b9acefc2-c525-476e-94af-49819dd19c46","material":"c33e9252-3d52-4ba1-a8b9-d59a89baac86","matrix":[1,0,0,0,0,1,0,0,0,0,1,0,0,0,0,1],"userData":{"Material":"Wall","layer":"Window"}},{"uuid":"131d1f06-5e41-4781-ac20-e5b306da7a04","name":"line 5","type":"Line","geometry":"a30223bc-e9f9-4818-8032-1b87cbcee9de","material":"bff1d96c-1988-45f4-8673-596628a84914","matrix":[1,0,0,0,0,1,0,0,0,0,1,0,0,0,0,1],"userData":{"layer":"Default"}},{"uuid":"28ecf1e0-623a-44ec-aa29-787cd5b5ebd0","name":"line 6","type":"Line","geometry":"c49d1d41-1e9b-449b-ae4b-f4ed695aa974","material":"bff1d96c-1988-45f4-8673-596628a84914","matrix":[1,0,0,0,0,1,0,0,0,0,1,0,0,0,0,1],"userData":{"layer":"Default"}},{"uuid":"e2a2d44f-6aea-426d-9d61-382fc1447b03","name":"line 7","type":"Line","geometry":"99b265e0-5810-4a5f-ab21-0a971a26f192","material":"bff1d96c-1988-45f4-8673-596628a84914","matrix":[1,0,0,0,0,1,0,0,0,0,1,0,0,0,0,1],"userData":{"layer":"Default"}},{"uuid":"abf8ff54-09c5-456b-9ff6-1257a57607bf","name":"line 8","type":"Line","geometry":"3b5af002-d2f2-4dbe-ba14-62b870b3658d","material":"bff1d96c-1988-45f4-8673-596628a84914","matrix":[1,0,0,0,0,1,0,0,0,0,1,0,0,0,0,1],"userData":{"layer":"Default"}},{"uuid":"26f7b0a9-b5ce-49f8-a1e2-a1ece0c41341","name":"line 9","type":"Line","geometry":"23b4fea4-84f2-4daa-bfa6-209e102a4110","material":"bff1d96c-1988-45f4-8673-596628a84914","matrix":[1,0,0,0,0,1,0,0,0,0,1,0,0,0,0,1],"userData":{"layer":"Default"}},{"uuid":"ce91a56f-7e6c-4a8d-b0a5-f8cb192d7130","name":"line 10","type":"Line","geometry":"b0248094-722c-4891-a946-81e7165eb231","material":"bff1d96c-1988-45f4-8673-596628a84914","matrix":[1,0,0,0,0,1,0,0,0,0,1,0,0,0,0,1],"userData":{"layer":"Default"}},{"uuid":"d5a1c981-9378-499f-99d4-d768930e908c","name":"line 11","type":"Line","geometry":"c8abf5d8-7481-4d11-be6d-b8b297a6d183","material":"bff1d96c-1988-45f4-8673-596628a84914","matrix":[1,0,0,0,0,1,0,0,0,0,1,0,0,0,0,1],"userData":{"layer":"Default"}},{"uuid":"488eb063-e48a-48fc-8723-4c938f7863ee","name":"line 12","type":"Line","geometry":"d2dbd39b-8979-4326-896b-27b3817e6f58","material":"bff1d96c-1988-45f4-8673-596628a84914","matrix":[1,0,0,0,0,1,0,0,0,0,1,0,0,0,0,1],"userData":{"layer":"Default"}},{"uuid":"e5dce376-95a9-477c-9ada-6e3686233912","name":"line 13","type":"Line","geometry":"e261b827-1ead-4221-b77e-de03a6cf67b8","material":"bff1d96c-1988-45f4-8673-596628a84914","matrix":[1,0,0,0,0,1,0,0,0,0,1,0,0,0,0,1],"userData":{"layer":"Default"}},{"uuid":"17b84801-1aec-4eab-87fe-28e78f6f03c3","name":"line 14","type":"Line","geometry":"c14f4e86-3eb9-495d-ab87-121002e138ef","material":"bff1d96c-1988-45f4-8673-596628a84914","matrix":[1,0,0,0,0,1,0,0,0,0,1,0,0,0,0,1],"userData":{"layer":"Default"}},{"uuid":"9a6628b7-5c54-4d46-bb85-80b2cf379587","name":"line 15","type":"Line","geometry":"5150e638-a752-4967-9f0e-2d8ffd369f09","material":"bff1d96c-1988-45f4-8673-596628a84914","matrix":[1,0,0,0,0,1,0,0,0,0,1,0,0,0,0,1],"userData":{"layer":"Default"}},{"uuid":"f2d40372-1fc6-465c-82e7-461730131603","name":"line 16","type":"Line","geometry":"61d25ec2-f322-47ec-8ddb-b323bedda494","material":"bff1d96c-1988-45f4-8673-596628a84914","matrix":[1,0,0,0,0,1,0,0,0,0,1,0,0,0,0,1],"userData":{"layer":"Default"}},{"uuid":"3ee02157-948c-47af-bde7-5a5818e80a6c","name":"line 17","type":"Line","geometry":"2e204d41-84e6-4e7b-ab9c-2129fca0230d","material":"bff1d96c-1988-45f4-8673-596628a84914","matrix":[1,0,0,0,0,1,0,0,0,0,1,0,0,0,0,1],"userData":{"layer":"Default"}},{"uuid":"8aba2b70-be61-4e87-9487-19651fe41b38","name":"line 18","type":"Line","geometry":"fa066480-e808-4bdb-97de-ff1fd915a216","material":"bff1d96c-1988-45f4-8673-596628a84914","matrix":[1,0,0,0,0,1,0,0,0,0,1,0,0,0,0,1],"userData":{"layer":"Default"}},{"uuid":"d5e9a60c-29d7-4838-b69a-32bb36c901ca","name":"line 19","type":"Line","geometry":"15e372aa-ed10-4665-b30c-f7520c2a4231","material":"bff1d96c-1988-45f4-8673-596628a84914","matrix":[1,0,0,0,0,1,0,0,0,0,1,0,0,0,0,1],"userData":{"layer":"Default"}},{"uuid":"361dfd7d-7fcd-4805-b073-a071441ea2d8","name":"line 20","type":"Line","geometry":"6e031590-6db5-4051-a8aa-f894a2a10918","material":"bff1d96c-1988-45f4-8673-596628a84914","matrix":[1,0,0,0,0,1,0,0,0,0,1,0,0,0,0,1],"userData":{"layer":"Default"}},{"uuid":"2cfd0539-a18b-4bfa-bad9-0362c468d897","name":"line 21","type":"Line","geometry":"65585db1-dd0c-403d-b8e3-7a1e0652217e","material":"bff1d96c-1988-45f4-8673-596628a84914","matrix":[1,0,0,0,0,1,0,0,0,0,1,0,0,0,0,1],"userData":{"layer":"Default"}},{"uuid":"1e0f7402-df44-44dc-ac00-290aec227579","name":"line 22","type":"Line","geometry":"334b84b5-8ec8-4c8d-b115-fa60480104bc","material":"bff1d96c-1988-45f4-8673-596628a84914","matrix":[1,0,0,0,0,1,0,0,0,0,1,0,0,0,0,1],"userData":{"layer":"Default"}},{"uuid":"b0f75e5d-080e-4195-9a03-f544c7dc43f8","name":"line 23","type":"Line","geometry":"db492e07-f1fd-4feb-82c2-806d6e7b4e2b","material":"bff1d96c-1988-45f4-8673-596628a84914","matrix":[1,0,0,0,0,1,0,0,0,0,1,0,0,0,0,1],"userData":{"layer":"Default"}},{"uuid":"598bf245-dd5f-4ee9-a53b-b711e655e1a2","name":"line 24","type":"Line","geometry":"54a19576-b0ff-4933-8339-f0e85f457063","material":"bff1d96c-1988-45f4-8673-596628a84914","matrix":[1,0,0,0,0,1,0,0,0,0,1,0,0,0,0,1],"userData":{"layer":"Default"}},{"uuid":"dcb1f52b-31a5-4c1a-8b1d-3e821613e437","name":"line 25","type":"Line","geometry":"3a6f5644-6b19-439b-8edb-ed585c20fa5a","material":"bff1d96c-1988-45f4-8673-596628a84914","matrix":[1,0,0,0,0,1,0,0,0,0,1,0,0,0,0,1],"userData":{"layer":"Default"}},{"uuid":"1d9b27a8-3f38-4959-9f7d-4da28d300840","name":"line 26","type":"Line","geometry":"51015016-0563-4c75-900c-77656b52cc99","material":"bff1d96c-1988-45f4-8673-596628a84914","matrix":[1,0,0,0,0,1,0,0,0,0,1,0,0,0,0,1],"userData":{"layer":"Default"}},{"uuid":"e6bb2267-9690-438d-b670-61aeb2124776","name":"line 27","type":"Line","geometry":"12deebc2-a8e2-47a5-a9e6-7398204ba9d6","material":"bff1d96c-1988-45f4-8673-596628a84914","matrix":[1,0,0,0,0,1,0,0,0,0,1,0,0,0,0,1],"userData":{"layer":"Default"}}],"userData":{"views":[],"layers":[{"name":"Wall"},{"name":"Window"},{"name":"Default"}]}}}