{"metadata":{"version":4.3,"type":"Object","generator":"Spectacles_Grasshopper_Exporter"},"geometries":[{"uuid":"02eff0ca-8b2e-4fc2-a9b5-4a3eacc7b845","type":"Geometry","data":{"vertices":[-2023.70679,3000.0,-164.3564,-2023.70679,0.0,-164.3564,-4675.35742,0.0,2487.29395,-4675.35742,3000.0,2487.29395,-2097.57471,2563.60474,-90.48845,-2097.57471,863.60474,-90.48845,-4431.02686,863.60474,2242.96387,-4431.02686,2563.60474,2242.96387],"faces":[0,3,7,6,0,4,7,3,0,2,3,6,0,4,3,0,0,1,2,6,0,5,4,0,0,1,6,5,0,5,0,1],"normals":[],"uvs":[],"scale":1,"visible":true,"castShadow":true,"receiveShadow":false,"doubleSided":true,"colors":["0xE6B43C","0xE6B43C","0xE6B43C","0xE6B43C","0xE6B43C","0xE6B43C","0xE6B43C","0xE6B43C"]}},{"uuid":"58c6ea7f-a90d-4e38-9a1b-a1719ac10f08","type":"Geometry","data":{"vertices":[557.23297,3000.0,5245.01025,557.23297,0.0,5245.01025,-750.91455,0.0,3936.86304,-750.91455,3000.0,3936.86304,-750.91455,3000.0,3936.86304,-750.91455,0.0,3936.86304,663.29901,0.0,2522.64941,663.29901,3000.0,2522.64941,663.29901,3000.0,2522.64941,663.29901,0.0,2522.64941,-2023.70679,0.0,-164.3564,-2023.70679,3000.0,-164.3564,-4675.35742,3000.0,2487.29395,-4675.35742,0.0,2487.29395,-680.20386,0.0,6482.44727,-680.20386,3000.0,6482.44727,-680.20386,3000.0,6482.44727,-680.20386,0.0,6482.44727,557.23297,0.0,5245.01025,557.23297,3000.0,5245.01025],"faces":[0,0,1,2,0,0,2,3,0,4,5,6,0,4,6,7,0,8,9,10,0,8,10,11,0,12,13,14,0,12,14,15,0,16,17,18,0,16,18,19],"normals":[],"uvs":[],"scale":1,"visible":true,"castShadow":true,"receiveShadow":false,"doubleSided":true,"colors":["0xE6D796","0xE6D796","0xE6D796","0xE6D796","0xE6D796","0xE6D796","0xE6D796","0xE6D796","0xE6D796","0xE6D796","0xE6D796","0xE6D796","0xE6D796","0xE6D796","0xE6D796","0xE6D796","0xE6D796","0xE6D796","0xE6D796","0xE6D796"]}},{"uuid":"a275d4f0-1d4e-4352-ba0f-80f9ffb21976","type":"Geometry","data":{"vertices":[557.23297,3000.0,5245.01025,-750.91455,3000.0,3936.86304,663.29901,3000.0,2522.64941,-2023.70679,3000.0,-164.3564,-4675.35742,3000.0,2487.29395,-680.20386,3000.0,6482.44727],"faces":[0,4,5,0,0,1,2,3,0,4,0,1,0,1,3,4],"normals":[],"uvs":[],"scale":1,"visible":true,"castShadow":true,"receiveShadow":false,"doubleSided":true,"colors":["0xFF8080","0xFF8080","0xFF8080","0xFF8080","0xFF8080","0xFF8080"]}},{"uuid":"83970c39-62e8-4b7f-9fd9-bde065a97ae6","type":"Geometry","data":{"vertices":[-4675.35742,0.0,2487.29395,-2023.70679,0.0,-164.3564,663.29901,0.0,2522.64941,-750.91455,0.0,3936.86304,557.23297,0.0,5245.01025,-680.20386,0.0,6482.44727],"faces":[0,4,5,0,0,0,1,2,0,3,4,0,0,0,2,3],"normals":[],"uvs":[],"scale":1,"visible":true,"castShadow":true,"receiveShadow":false,"doubleSided":true,"colors":["0xFF8080","0xFF8080","0xFF8080","0xFF8080","0xFF8080","0xFF8080"]}},{"uuid":"55978e55-5a8f-4b79-8c19-1d668247bc29","type":"Geometry","data":{"vertices":[-2097.57471,2563.60474,-90.48845,-2097.57471,863.60474,-90.48845,-4431.02686,863.60474,2242.96387,-4431.02686,2563.60474,2242.96387],"faces":[0,0,1,2,0,0,2,3],"normals":[],"uvs":[],"scale":1,"visible":true,"castShadow":true,"receiveShadow":false,"doubleSided":true,"colors":["0x40B4FF","0x40B4FF","0x40B4FF","0x40B4FF"]}},{"uuid":"8239ac17-db2b-456e-81ee-a8d3f546df9e","type":"Geometry","data":{"vertices":[0.0,0.0,0.0,0.0,0.0,750.0],"normals":[],"uvs":[],"faces":[],"scale":1,"visible":true,"castShadow":true,"receiveShadow":false}},{"uuid":"249fe053-e32b-4ce4-a914-2aa113f85492","type":"Geometry","data":{"vertices":[-650.0,0.0,0.0,-610.8002,0.0,222.31309],"normals":[],"uvs":[],"faces":[],"scale":1,"visible":true,"castShadow":true,"receiveShadow":false}},{"uuid":"5c38acba-b057-4b23-98e5-4af5fd9444df","type":"Geometry","data":{"vertices":[-610.8002,0.0,222.31309,-497.92889,0.0,417.81195],"normals":[],"uvs":[],"faces":[],"scale":1,"visible":true,"castShadow":true,"receiveShadow":false}},{"uuid":"c8ae778d-bc56-4db4-8a9c-1a5a033b7bce","type":"Geometry","data":{"vertices":[-497.92889,0.0,417.81195,-325.0,0.0,562.91651],"normals":[],"uvs":[],"faces":[],"scale":1,"visible":true,"castShadow":true,"receiveShadow":false}},{"uuid":"bdd85630-bb40-4624-85fd-c515c947d741","type":"Geometry","data":{"vertices":[-325.0,0.0,562.91651,-112.87132,0.0,640.12504],"normals":[],"uvs":[],"faces":[],"scale":1,"visible":true,"castShadow":true,"receiveShadow":false}},{"uuid":"1d1ee2f5-05c3-454e-8771-2dfa72f1a34d","type":"Geometry","data":{"vertices":[-112.87132,0.0,640.12504,112.87132,0.0,640.12504],"normals":[],"uvs":[],"faces":[],"scale":1,"visible":true,"castShadow":true,"receiveShadow":false}},{"uuid":"71478546-0953-4132-a559-09ae98b71259","type":"Geometry","data":{"vertices":[112.87132,0.0,640.12504,325.0,0.0,562.91651],"normals":[],"uvs":[],"faces":[],"scale":1,"visible":true,"castShadow":true,"receiveShadow":false}},{"uuid":"3479ce7e-1322-4160-a8f8-554f28329e6e","type":"Geometry","data":{"vertices":[325.0,0.0,562.91651,497.92889,0.0,417.81195],"normals":[],"uvs":[],"faces":[],"scale":1,"visible":true,"castShadow":true,"receiveShadow":false}},{"uuid":"af865655-6990-4243-9623-3599d38c43b1","type":"Geometry","data":{"vertices":[497.92889,0.0,417.81195,610.8002,0.0,222.31309],"normals":[],"uvs":[],"faces":[],"scale":1,"visible":true,"castShadow":true,"receiveShadow":false}},{"uuid":"181e9b26-a3c5-47f9-a35f-a3f747e47008","type":"Geometry","data":{"vertices":[610.8002,0.0,222.31309,650.0,0.0,0.0],"normals":[],"uvs":[],"faces":[],"scale":1,"visible":true,"castShadow":true,"receiveShadow":false}},{"uuid":"cf4ee751-55bd-41a5-85f4-ad3de549fd7f","type":"Geometry","data":{"vertices":[650.0,0.0,0.0,610.8002,0.0,-222.31309],"normals":[],"uvs":[],"faces":[],"scale":1,"visible":true,"castShadow":true,"receiveShadow":false}},{"uuid":"7935cf9c-13c9-43ba-9793-385d475a3add","type":"Geometry","data":{"vertices":[610.8002,0.0,-222.31309,497.92889,0.0,-417.81195],"normals":[],"uvs":[],"faces":[],"scale":1,"visible":true,"castShadow":true,"receiveShadow":false}},{"uuid":"cb8e778a-66e4-40b7-8c35-193d8cfea793","type":"Geometry","data":{"vertices":[497.92889,0.0,-417.81195,325.0,0.0,-562.91651],"normals":[],"uvs":[],"faces":[],"scale":1,"visible":true,"castShadow":true,"receiveShadow":false}},{"uuid":"fb581c7a-32a4-4132-84dd-4254497759fa","type":"Geometry","data":{"vertices":[325.0,0.0,-562.91651,112.87132,0.0,-640.12504],"normals":[],"uvs":[],"faces":[],"scale":1,"visible":true,"castShadow":true,"receiveShadow":false}},{"uuid":"eaae8bd5-3aed-4380-b83d-54772ba6fbce","type":"Geometry","data":{"vertices":[112.87132,0.0,-640.12504,-112.87132,0.0,-640.12504],"normals":[],"uvs":[],"faces":[],"scale":1,"visible":true,"castShadow":true,"receiveShadow":false}},{"uuid":"4fcd0f3c-9dfc-49f8-87ae-1a158d829044","type":"Geometry","data":{"vertices":[-112.87132,0.0,-640.12504,-325.0,0.0,-562.91651],"normals":[],"uvs":[],"faces":[],"scale":1,"visible":true,"castShadow":true,"receiveShadow":false}},{"uuid":"292fc06f-32a2-4482-b1c3-79ff6b74c26c","type":"Geometry","data":{"vertices":[-325.0,0.0,-562.91651,-497.92889,0.0,-417.81195],"normals":[],"uvs":[],"faces":[],"scale":1,"visible":true,"castShadow":true,"receiveShadow":false}},{"uuid":"b3dd885a-e99b-4c3a-b58d-a482ecb722b3","type":"Geometry","data":{"vertices":[-497.92889,0.0,-417.81195,-610.8002,0.0,-222.31309],"normals":[],"uvs":[],"faces":[],"scale":1,"visible":true,"castShadow":true,"receiveShadow":false}},{"uuid":"a20b6d4c-703d-4932-bf0e-a9009786add9","type":"Geometry","data":{"vertices":[-610.8002,0.0,-222.31309,-650.0,0.0,0.0],"normals":[],"uvs":[],"faces":[],"scale":1,"visible":true,"castShadow":true,"receiveShadow":false}},{"uuid":"47441c04-3e68-4aef-9ab9-cecddd2254f3","type":"Geometry","data":{"vertices":[0.0,0.0,500.0,0.0,0.0,750.0],"normals":[],"uvs":[],"faces":[],"scale":1,"visible":true,"castShadow":true,"receiveShadow":false}},{"uuid":"93583b6d-abf1-45dd-9f4c-e02962449277","type":"Geometry","data":{"vertices":[-500.0,0.0,0.0,-750.0,0.0,0.0],"normals":[],"uvs":[],"faces":[],"scale":1,"visible":true,"castShadow":true,"receiveShadow":false}},{"uuid":"e7b6ea0e-1d46-45b1-8c43-c704e7d78d41","type":"Geometry","data":{"vertices":[0.0,0.0,-500.0,0.0,0.0,-750.0],"normals":[],"uvs":[],"faces":[],"scale":1,"visible":true,"castShadow":true,"receiveShadow":false}},{"uuid":"059557c2-75f7-44c4-a0f7-16a7c358efbe","type":"Geometry","data":{"vertices":[500.0,0.0,0.0,750.0,0.0,0.0],"normals":[],"uvs":[],"faces":[],"scale":1,"visible":true,"castShadow":true,"receiveShadow":false}}],"materials":[{"uuid":"03da3438-315c-4c3d-89b6-6a9a1918dec0","type":"MeshLambertMaterial","color":"0xFFCB3B","ambient":"0xFFCB3B","emissive":"0x000000","side":2,"opacity":1.0,"transparent":true,"shading":1,"vertexColors":0},{"uuid":"8845505a-f941-41b5-af5b-867b65e48ff8","type":"MeshLambertMaterial","color":"0xFFFFC7","ambient":"0xFFFFC7","emissive":"0x000000","side":2,"opacity":0.4,"transparent":true,"shading":1,"vertexColors":0},{"uuid":"c33e9252-3d52-4ba1-a8b9-d59a89baac86","type":"MeshLambertMaterial","color":"0x2A56F5","ambient":"0x2A56F5","emissive":"0x000000","side":2,"opacity":0.8,"transparent":true,"shading":1,"vertexColors":0},{"uuid":"3667b6ca-69c1-43c4-a044-24309de6f59e","type":"LineBasicMaterial","color":"0x000000","linewidth":1.0,"opacity":1.0}],"object":{"uuid":"66fe44ed-11d8-4848-b5d9-484ebaf35fe2","type":"Scene","matrix":[1,0,0,0,0,1,0,0,0,0,1,0,0,0,0,1],"children":[{"uuid":"7f54c4bd-dd95-424a-93d5-bd73f11041cd","name":"mesh0","type":"Mesh","geometry":"02eff0ca-8b2e-4fc2-a9b5-4a3eacc7b845","material":"03da3438-315c-4c3d-89b6-6a9a1918dec0","matrix":[1,0,0,0,0,1,0,0,0,0,1,0,0,0,0,1],"userData":{"Material":"Wall","layer":"Wall"}},{"uuid":"3c6d6c16-aad9-4749-8678-2674c1686293","name":"mesh1","type":"Mesh","geometry":"58c6ea7f-a90d-4e38-9a1b-a1719ac10f08","material":"8845505a-f941-41b5-af5b-867b65e48ff8","matrix":[1,0,0,0,0,1,0,0,0,0,1,0,0,0,0,1],"userData":{"Material":"Wall","layer":"Wall"}},{"uuid":"591c275d-41c4-4e5e-b37d-01b1ebce287d","name":"mesh2","type":"Mesh","geometry":"a275d4f0-1d4e-4352-ba0f-80f9ffb21976","material":"8845505a-f941-41b5-af5b-867b65e48ff8","matrix":[1,0,0,0,0,1,0,0,0,0,1,0,0,0,0,1],"userData":{"Material":"Wall","layer":"Wall"}},{"uuid":"d3516219-0263-48d5-8d32-78257488647f","name":"mesh3","type":"Mesh","geometry":"83970c39-62e8-4b7f-9fd9-bde065a97ae6","material":"8845505a-f941-41b5-af5b-867b65e48ff8","matrix":[1,0,0,0,0,1,0,0,0,0,1,0,0,0,0,1],"userData":{"Material":"Wall","layer":"Wall"}},{"uuid":"9a308f93-5655-4d6f-9f95-ae5a7afa626e","name":"mesh4","type":"Mesh","geometry":"55978e55-5a8f-4b79-8c19-1d668247bc29","material":"c33e9252-3d52-4ba1-a8b9-d59a89baac86","matrix":[1,0,0,0,0,1,0,0,0,0,1,0,0,0,0,1],"userData":{"Material":"Wall","layer":"Window"}},{"uuid":"97843416-721d-474d-9896-50fa83237cf9","name":"line 5","type":"Line","geometry":"8239ac17-db2b-456e-81ee-a8d3f546df9e","material":"3667b6ca-69c1-43c4-a044-24309de6f59e","matrix":[1,0,0,0,0,1,0,0,0,0,1,0,0,0,0,1],"userData":{"layer":"Default"}},{"uuid":"4a9f0e0d-ebcb-4f42-ab59-c99b84df252b","name":"line 6","type":"Line","geometry":"249fe053-e32b-4ce4-a914-2aa113f85492","material":"3667b6ca-69c1-43c4-a044-24309de6f59e","matrix":[1,0,0,0,0,1,0,0,0,0,1,0,0,0,0,1],"userData":{"layer":"Default"}},{"uuid":"11526bda-55bd-40a9-8026-c8f226d55f9b","name":"line 7","type":"Line","geometry":"5c38acba-b057-4b23-98e5-4af5fd9444df","material":"3667b6ca-69c1-43c4-a044-24309de6f59e","matrix":[1,0,0,0,0,1,0,0,0,0,1,0,0,0,0,1],"userData":{"layer":"Default"}},{"uuid":"758d5782-fb52-4f67-b26a-d32f1bc99210","name":"line 8","type":"Line","geometry":"c8ae778d-bc56-4db4-8a9c-1a5a033b7bce","material":"3667b6ca-69c1-43c4-a044-24309de6f59e","matrix":[1,0,0,0,0,1,0,0,0,0,1,0,0,0,0,1],"userData":{"layer":"Default"}},{"uuid":"dafad030-aaf4-442b-86b9-06f85799d6b2","name":"line 9","type":"Line","geometry":"bdd85630-bb40-4624-85fd-c515c947d741","material":"3667b6ca-69c1-43c4-a044-24309de6f59e","matrix":[1,0,0,0,0,1,0,0,0,0,1,0,0,0,0,1],"userData":{"layer":"Default"}},{"uuid":"0e15eb25-f269-4012-8167-83c79ee7c640","name":"line 10","type":"Line","geometry":"1d1ee2f5-05c3-454e-8771-2dfa72f1a34d","material":"3667b6ca-69c1-43c4-a044-24309de6f59e","matrix":[1,0,0,0,0,1,0,0,0,0,1,0,0,0,0,1],"userData":{"layer":"Default"}},{"uuid":"6a2bfbab-d915-4414-ad11-71fbc1e88e19","name":"line 11","type":"Line","geometry":"71478546-0953-4132-a559-09ae98b71259","material":"3667b6ca-69c1-43c4-a044-24309de6f59e","matrix":[1,0,0,0,0,1,0,0,0,0,1,0,0,0,0,1],"userData":{"layer":"Default"}},{"uuid":"16c0d5f2-8809-49d1-a373-a47e0b075ddf","name":"line 12","type":"Line","geometry":"3479ce7e-1322-4160-a8f8-554f28329e6e","material":"3667b6ca-69c1-43c4-a044-24309de6f59e","matrix":[1,0,0,0,0,1,0,0,0,0,1,0,0,0,0,1],"userData":{"layer":"Default"}},{"uuid":"7535fac4-2474-47db-8428-ea6e116f7c96","name":"line 13","type":"Line","geometry":"af865655-6990-4243-9623-3599d38c43b1","material":"3667b6ca-69c1-43c4-a044-24309de6f59e","matrix":[1,0,0,0,0,1,0,0,0,0,1,0,0,0,0,1],"userData":{"layer":"Default"}},{"uuid":"b8168d68-bc9c-442b-acdb-5f8f5b48a7ad","name":"line 14","type":"Line","geometry":"181e9b26-a3c5-47f9-a35f-a3f747e47008","material":"3667b6ca-69c1-43c4-a044-24309de6f59e","matrix":[1,0,0,0,0,1,0,0,0,0,1,0,0,0,0,1],"userData":{"layer":"Default"}},{"uuid":"2c1001ad-2e6e-4b8c-9129-4fcf2f79dad3","name":"line 15","type":"Line","geometry":"cf4ee751-55bd-41a5-85f4-ad3de549fd7f","material":"3667b6ca-69c1-43c4-a044-24309de6f59e","matrix":[1,0,0,0,0,1,0,0,0,0,1,0,0,0,0,1],"userData":{"layer":"Default"}},{"uuid":"2edadce1-1051-4a3f-87a8-b410b8bb4538","name":"line 16","type":"Line","geometry":"7935cf9c-13c9-43ba-9793-385d475a3add","material":"3667b6ca-69c1-43c4-a044-24309de6f59e","matrix":[1,0,0,0,0,1,0,0,0,0,1,0,0,0,0,1],"userData":{"layer":"Default"}},{"uuid":"579c6484-24c6-4e88-83a5-5ee9613ba0ac","name":"line 17","type":"Line","geometry":"cb8e778a-66e4-40b7-8c35-193d8cfea793","material":"3667b6ca-69c1-43c4-a044-24309de6f59e","matrix":[1,0,0,0,0,1,0,0,0,0,1,0,0,0,0,1],"userData":{"layer":"Default"}},{"uuid":"90b49db5-0b55-4963-abfd-6b059c3a658d","name":"line 18","type":"Line","geometry":"fb581c7a-32a4-4132-84dd-4254497759fa","material":"3667b6ca-69c1-43c4-a044-24309de6f59e","matrix":[1,0,0,0,0,1,0,0,0,0,1,0,0,0,0,1],"userData":{"layer":"Default"}},{"uuid":"a7676a97-5bfb-42d6-adbd-d335e28deba0","name":"line 19","type":"Line","geometry":"eaae8bd5-3aed-4380-b83d-54772ba6fbce","material":"3667b6ca-69c1-43c4-a044-24309de6f59e","matrix":[1,0,0,0,0,1,0,0,0,0,1,0,0,0,0,1],"userData":{"layer":"Default"}},{"uuid":"a7591dcf-ea2c-4b4c-a2c7-f895850e51d4","name":"line 20","type":"Line","geometry":"4fcd0f3c-9dfc-49f8-87ae-1a158d829044","material":"3667b6ca-69c1-43c4-a044-24309de6f59e","matrix":[1,0,0,0,0,1,0,0,0,0,1,0,0,0,0,1],"userData":{"layer":"Default"}},{"uuid":"e7d5319b-fd63-4f5c-a8e4-7312701d24af","name":"line 21","type":"Line","geometry":"292fc06f-32a2-4482-b1c3-79ff6b74c26c","material":"3667b6ca-69c1-43c4-a044-24309de6f59e","matrix":[1,0,0,0,0,1,0,0,0,0,1,0,0,0,0,1],"userData":{"layer":"Default"}},{"uuid":"46a3f3c4-27ad-4adf-8a5d-06258cd8619f","name":"line 22","type":"Line","geometry":"b3dd885a-e99b-4c3a-b58d-a482ecb722b3","material":"3667b6ca-69c1-43c4-a044-24309de6f59e","matrix":[1,0,0,0,0,1,0,0,0,0,1,0,0,0,0,1],"userData":{"layer":"Default"}},{"uuid":"29693671-3378-4fde-a906-4e92e19bbe62","name":"line 23","type":"Line","geometry":"a20b6d4c-703d-4932-bf0e-a9009786add9","material":"3667b6ca-69c1-43c4-a044-24309de6f59e","matrix":[1,0,0,0,0,1,0,0,0,0,1,0,0,0,0,1],"userData":{"layer":"Default"}},{"uuid":"1175e462-e954-4e5c-b1c6-fe9a675eb882","name":"line 24","type":"Line","geometry":"47441c04-3e68-4aef-9ab9-cecddd2254f3","material":"3667b6ca-69c1-43c4-a044-24309de6f59e","matrix":[1,0,0,0,0,1,0,0,0,0,1,0,0,0,0,1],"userData":{"layer":"Default"}},{"uuid":"ae586799-4bae-4d5f-be5c-16273715be8c","name":"line 25","type":"Line","geometry":"93583b6d-abf1-45dd-9f4c-e02962449277","material":"3667b6ca-69c1-43c4-a044-24309de6f59e","matrix":[1,0,0,0,0,1,0,0,0,0,1,0,0,0,0,1],"userData":{"layer":"Default"}},{"uuid":"4df80be9-09b5-483a-8d6a-4c3b9436590c","name":"line 26","type":"Line","geometry":"e7b6ea0e-1d46-45b1-8c43-c704e7d78d41","material":"3667b6ca-69c1-43c4-a044-24309de6f59e","matrix":[1,0,0,0,0,1,0,0,0,0,1,0,0,0,0,1],"userData":{"layer":"Default"}},{"uuid":"7d83907c-9849-4112-8e82-464b825a09f2","name":"line 27","type":"Line","geometry":"059557c2-75f7-44c4-a0f7-16a7c358efbe","material":"3667b6ca-69c1-43c4-a044-24309de6f59e","matrix":[1,0,0,0,0,1,0,0,0,0,1,0,0,0,0,1],"userData":{"layer":"Default"}}],"userData":{"views":[],"layers":[{"name":"Wall"},{"name":"Window"},{"name":"Default"}]}}}