{"metadata":{"version":4.3,"type":"Object","generator":"Spectacles_Grasshopper_Exporter"},"geometries":[{"uuid":"e713a7d0-fca3-44bc-a009-07d3bd367819","type":"Geometry","data":{"vertices":[-4947.36621,3000.0,3441.39478,-4947.36621,0.0,3441.39478,-2295.71558,0.0,6093.04541,-2295.71558,3000.0,6093.04541,-4873.49805,2563.60474,3515.2627,-4873.49805,63.60476,3515.2627,-2327.91357,63.60476,6060.84717,-2327.91357,2563.60474,6060.84717],"faces":[0,3,7,6,0,4,7,3,0,2,3,6,0,4,3,0,0,1,2,6,0,5,4,0,0,1,6,5,0,5,0,1],"normals":[],"uvs":[],"scale":1,"visible":true,"castShadow":true,"receiveShadow":false,"doubleSided":true,"colors":["0xE6B43C","0xE6B43C","0xE6B43C","0xE6B43C","0xE6B43C","0xE6B43C","0xE6B43C","0xE6B43C"]}},{"uuid":"07c6b103-8c52-4c22-93fb-8a85b902f60b","type":"Geometry","data":{"vertices":[462.00089,3000.0,860.45508,462.00089,0.0,860.45508,-846.14667,0.0,2168.60254,-846.14667,3000.0,2168.60254,-846.14667,3000.0,2168.60254,-846.14667,0.0,2168.60254,-2260.36011,0.0,754.3891,-2260.36011,3000.0,754.3891,-2260.36011,3000.0,754.3891,-2260.36011,0.0,754.3891,-4947.36621,0.0,3441.39478,-4947.36621,3000.0,3441.39478,-2295.71558,3000.0,6093.04541,-2295.71558,0.0,6093.04541,1699.43774,0.0,2097.89209,1699.43774,3000.0,2097.89209,1699.43774,3000.0,2097.89209,1699.43774,0.0,2097.89209,462.00089,0.0,860.45508,462.00089,3000.0,860.45508],"faces":[0,0,1,2,0,0,2,3,0,4,5,6,0,4,6,7,0,8,9,10,0,8,10,11,0,12,13,14,0,12,14,15,0,16,17,18,0,16,18,19],"normals":[],"uvs":[],"scale":1,"visible":true,"castShadow":true,"receiveShadow":false,"doubleSided":true,"colors":["0xE6D796","0xE6D796","0xE6D796","0xE6D796","0xE6D796","0xE6D796","0xE6D796","0xE6D796","0xE6D796","0xE6D796","0xE6D796","0xE6D796","0xE6D796","0xE6D796","0xE6D796","0xE6D796","0xE6D796","0xE6D796","0xE6D796","0xE6D796"]}},{"uuid":"7d55b40c-d375-4f3d-8150-1e7c449d0d84","type":"Geometry","data":{"vertices":[-2295.71558,3000.0,6093.04541,1699.43774,3000.0,2097.89209,462.00089,3000.0,860.45508,-846.14667,3000.0,2168.60254,-2260.36011,3000.0,754.3891,-4947.36621,3000.0,3441.39478],"faces":[0,4,5,0,0,0,1,2,0,3,4,0,0,0,2,3],"normals":[],"uvs":[],"scale":1,"visible":true,"castShadow":true,"receiveShadow":false,"doubleSided":true,"colors":["0xFF8080","0xFF8080","0xFF8080","0xFF8080","0xFF8080","0xFF8080"]}},{"uuid":"d24276a3-ace1-4cc1-8ace-d8e5f6c81595","type":"Geometry","data":{"vertices":[-2295.71558,0.0,6093.04541,-4947.36621,0.0,3441.39478,-2260.36011,0.0,754.3891,-846.14667,0.0,2168.60254,462.00089,0.0,860.45508,1699.43774,0.0,2097.89209],"faces":[0,4,5,0,0,0,1,2,0,3,4,0,0,0,2,3],"normals":[],"uvs":[],"scale":1,"visible":true,"castShadow":true,"receiveShadow":false,"doubleSided":true,"colors":["0xFF8080","0xFF8080","0xFF8080","0xFF8080","0xFF8080","0xFF8080"]}},{"uuid":"bbb43340-892b-4053-a981-cb345cb4cb1e","type":"Geometry","data":{"vertices":[-4873.49805,2563.60474,3515.2627,-4873.49805,63.60476,3515.2627,-2327.91357,63.60476,6060.84717,-2327.91357,2563.60474,6060.84717],"faces":[0,0,1,2,0,0,2,3],"normals":[],"uvs":[],"scale":1,"visible":true,"castShadow":true,"receiveShadow":false,"doubleSided":true,"colors":["0x40B4FF","0x40B4FF","0x40B4FF","0x40B4FF"]}},{"uuid":"ddd6ae79-ea88-410a-be6a-7ada23a8f549","type":"Geometry","data":{"vertices":[0.0,0.0,0.0,0.0,0.0,750.0],"normals":[],"uvs":[],"faces":[],"scale":1,"visible":true,"castShadow":true,"receiveShadow":false}},{"uuid":"f69c8cde-d445-4846-b18e-cb36e5a720b5","type":"Geometry","data":{"vertices":[-650.0,0.0,0.0,-610.8002,0.0,222.31309],"normals":[],"uvs":[],"faces":[],"scale":1,"visible":true,"castShadow":true,"receiveShadow":false}},{"uuid":"e16f79a7-9ff4-486a-b6be-84878fab2cc4","type":"Geometry","data":{"vertices":[-610.8002,0.0,222.31309,-497.92889,0.0,417.81195],"normals":[],"uvs":[],"faces":[],"scale":1,"visible":true,"castShadow":true,"receiveShadow":false}},{"uuid":"42375987-796e-4e5a-b226-68ba60d917b7","type":"Geometry","data":{"vertices":[-497.92889,0.0,417.81195,-325.0,0.0,562.91651],"normals":[],"uvs":[],"faces":[],"scale":1,"visible":true,"castShadow":true,"receiveShadow":false}},{"uuid":"ddde3827-115d-4b98-b6eb-410868e52bc4","type":"Geometry","data":{"vertices":[-325.0,0.0,562.91651,-112.87132,0.0,640.12504],"normals":[],"uvs":[],"faces":[],"scale":1,"visible":true,"castShadow":true,"receiveShadow":false}},{"uuid":"74857514-5908-46e7-86b3-4531dd3c12b5","type":"Geometry","data":{"vertices":[-112.87132,0.0,640.12504,112.87132,0.0,640.12504],"normals":[],"uvs":[],"faces":[],"scale":1,"visible":true,"castShadow":true,"receiveShadow":false}},{"uuid":"d5d25871-d3e2-471d-9f1b-84dd73d9cf55","type":"Geometry","data":{"vertices":[112.87132,0.0,640.12504,325.0,0.0,562.91651],"normals":[],"uvs":[],"faces":[],"scale":1,"visible":true,"castShadow":true,"receiveShadow":false}},{"uuid":"0d5cf155-c506-4af9-9f00-eef3142bc541","type":"Geometry","data":{"vertices":[325.0,0.0,562.91651,497.92889,0.0,417.81195],"normals":[],"uvs":[],"faces":[],"scale":1,"visible":true,"castShadow":true,"receiveShadow":false}},{"uuid":"806dee89-dd55-4ab5-b0a1-6946d1cf7951","type":"Geometry","data":{"vertices":[497.92889,0.0,417.81195,610.8002,0.0,222.31309],"normals":[],"uvs":[],"faces":[],"scale":1,"visible":true,"castShadow":true,"receiveShadow":false}},{"uuid":"caa74597-9439-43fb-b400-452a4b068450","type":"Geometry","data":{"vertices":[610.8002,0.0,222.31309,650.0,0.0,0.0],"normals":[],"uvs":[],"faces":[],"scale":1,"visible":true,"castShadow":true,"receiveShadow":false}},{"uuid":"fe863b8b-58dd-456b-a052-e94dd582ab46","type":"Geometry","data":{"vertices":[650.0,0.0,0.0,610.8002,0.0,-222.31309],"normals":[],"uvs":[],"faces":[],"scale":1,"visible":true,"castShadow":true,"receiveShadow":false}},{"uuid":"53770900-ae0d-404a-ab9f-f792335566fe","type":"Geometry","data":{"vertices":[610.8002,0.0,-222.31309,497.92889,0.0,-417.81195],"normals":[],"uvs":[],"faces":[],"scale":1,"visible":true,"castShadow":true,"receiveShadow":false}},{"uuid":"e5ceb63a-7aa7-4c0b-a686-11676c477a28","type":"Geometry","data":{"vertices":[497.92889,0.0,-417.81195,325.0,0.0,-562.91651],"normals":[],"uvs":[],"faces":[],"scale":1,"visible":true,"castShadow":true,"receiveShadow":false}},{"uuid":"e5f935ea-4599-4848-b4a3-31c24fd2e0e2","type":"Geometry","data":{"vertices":[325.0,0.0,-562.91651,112.87132,0.0,-640.12504],"normals":[],"uvs":[],"faces":[],"scale":1,"visible":true,"castShadow":true,"receiveShadow":false}},{"uuid":"8b0a475f-349b-48fd-9b60-0a40a255cf64","type":"Geometry","data":{"vertices":[112.87132,0.0,-640.12504,-112.87132,0.0,-640.12504],"normals":[],"uvs":[],"faces":[],"scale":1,"visible":true,"castShadow":true,"receiveShadow":false}},{"uuid":"221f3c5c-a207-46d4-9046-3986b072b923","type":"Geometry","data":{"vertices":[-112.87132,0.0,-640.12504,-325.0,0.0,-562.91651],"normals":[],"uvs":[],"faces":[],"scale":1,"visible":true,"castShadow":true,"receiveShadow":false}},{"uuid":"da7f09a4-e49c-4113-9911-1b2a0729b7a7","type":"Geometry","data":{"vertices":[-325.0,0.0,-562.91651,-497.92889,0.0,-417.81195],"normals":[],"uvs":[],"faces":[],"scale":1,"visible":true,"castShadow":true,"receiveShadow":false}},{"uuid":"9abe67d8-7ad4-4b39-9669-89558a935b93","type":"Geometry","data":{"vertices":[-497.92889,0.0,-417.81195,-610.8002,0.0,-222.31309],"normals":[],"uvs":[],"faces":[],"scale":1,"visible":true,"castShadow":true,"receiveShadow":false}},{"uuid":"5f34a126-682b-411c-a4ff-57a6a8a5c55c","type":"Geometry","data":{"vertices":[-610.8002,0.0,-222.31309,-650.0,0.0,0.0],"normals":[],"uvs":[],"faces":[],"scale":1,"visible":true,"castShadow":true,"receiveShadow":false}},{"uuid":"2850ab63-d61f-4ada-bbaa-fdc89934646b","type":"Geometry","data":{"vertices":[0.0,0.0,500.0,0.0,0.0,750.0],"normals":[],"uvs":[],"faces":[],"scale":1,"visible":true,"castShadow":true,"receiveShadow":false}},{"uuid":"a2ee107b-4023-48b2-bd97-38b4c0782f91","type":"Geometry","data":{"vertices":[-500.0,0.0,0.0,-750.0,0.0,0.0],"normals":[],"uvs":[],"faces":[],"scale":1,"visible":true,"castShadow":true,"receiveShadow":false}},{"uuid":"def8b92e-3c14-4ce2-8a5e-089615623951","type":"Geometry","data":{"vertices":[0.0,0.0,-500.0,0.0,0.0,-750.0],"normals":[],"uvs":[],"faces":[],"scale":1,"visible":true,"castShadow":true,"receiveShadow":false}},{"uuid":"b34ca2e7-ba2f-4ab3-a25e-a8024ab94725","type":"Geometry","data":{"vertices":[500.0,0.0,0.0,750.0,0.0,0.0],"normals":[],"uvs":[],"faces":[],"scale":1,"visible":true,"castShadow":true,"receiveShadow":false}}],"materials":[{"uuid":"03da3438-315c-4c3d-89b6-6a9a1918dec0","type":"MeshLambertMaterial","color":"0xFFCB3B","ambient":"0xFFCB3B","emissive":"0x000000","side":2,"opacity":1.0,"transparent":true,"shading":1,"vertexColors":0},{"uuid":"8845505a-f941-41b5-af5b-867b65e48ff8","type":"MeshLambertMaterial","color":"0xFFFFC7","ambient":"0xFFFFC7","emissive":"0x000000","side":2,"opacity":0.4,"transparent":true,"shading":1,"vertexColors":0},{"uuid":"c33e9252-3d52-4ba1-a8b9-d59a89baac86","type":"MeshLambertMaterial","color":"0x2A56F5","ambient":"0x2A56F5","emissive":"0x000000","side":2,"opacity":0.8,"transparent":true,"shading":1,"vertexColors":0},{"uuid":"3349ce06-1b6c-4767-8742-2d73a0044b5a","type":"LineBasicMaterial","color":"0x000000","linewidth":1.0,"opacity":1.0}],"object":{"uuid":"f35a5006-bce2-48f6-be0e-8030321fd657","type":"Scene","matrix":[1,0,0,0,0,1,0,0,0,0,1,0,0,0,0,1],"children":[{"uuid":"4a09b2d3-b061-4d01-aa5e-79ef0d8dd537","name":"mesh0","type":"Mesh","geometry":"e713a7d0-fca3-44bc-a009-07d3bd367819","material":"03da3438-315c-4c3d-89b6-6a9a1918dec0","matrix":[1,0,0,0,0,1,0,0,0,0,1,0,0,0,0,1],"userData":{"Material":"Wall","layer":"Wall"}},{"uuid":"9c688ccc-be0c-4ab4-921e-064d95107d9b","name":"mesh1","type":"Mesh","geometry":"07c6b103-8c52-4c22-93fb-8a85b902f60b","material":"8845505a-f941-41b5-af5b-867b65e48ff8","matrix":[1,0,0,0,0,1,0,0,0,0,1,0,0,0,0,1],"userData":{"Material":"Wall","layer":"Wall"}},{"uuid":"1bd548c5-c6a0-4a26-8279-85d5769fed0b","name":"mesh2","type":"Mesh","geometry":"7d55b40c-d375-4f3d-8150-1e7c449d0d84","material":"8845505a-f941-41b5-af5b-867b65e48ff8","matrix":[1,0,0,0,0,1,0,0,0,0,1,0,0,0,0,1],"userData":{"Material":"Wall","layer":"Wall"}},{"uuid":"27379111-0531-4492-9b16-97938be594a1","name":"mesh3","type":"Mesh","geometry":"d24276a3-ace1-4cc1-8ace-d8e5f6c81595","material":"8845505a-f941-41b5-af5b-867b65e48ff8","matrix":[1,0,0,0,0,1,0,0,0,0,1,0,0,0,0,1],"userData":{"Material":"Wall","layer":"Wall"}},{"uuid":"128004b1-bbd4-496c-8c72-1fa00da937d8","name":"mesh4","type":"Mesh","geometry":"bbb43340-892b-4053-a981-cb345cb4cb1e","material":"c33e9252-3d52-4ba1-a8b9-d59a89baac86","matrix":[1,0,0,0,0,1,0,0,0,0,1,0,0,0,0,1],"userData":{"Material":"Wall","layer":"Window"}},{"uuid":"10549b9b-acfb-4d99-b899-17b6c043de8c","name":"line 5","type":"Line","geometry":"ddd6ae79-ea88-410a-be6a-7ada23a8f549","material":"3349ce06-1b6c-4767-8742-2d73a0044b5a","matrix":[1,0,0,0,0,1,0,0,0,0,1,0,0,0,0,1],"userData":{"layer":"Default"}},{"uuid":"4aff0123-e036-4003-a7f7-140a7654bc4d","name":"line 6","type":"Line","geometry":"f69c8cde-d445-4846-b18e-cb36e5a720b5","material":"3349ce06-1b6c-4767-8742-2d73a0044b5a","matrix":[1,0,0,0,0,1,0,0,0,0,1,0,0,0,0,1],"userData":{"layer":"Default"}},{"uuid":"1710debd-a90b-42f0-b44f-401038817ba7","name":"line 7","type":"Line","geometry":"e16f79a7-9ff4-486a-b6be-84878fab2cc4","material":"3349ce06-1b6c-4767-8742-2d73a0044b5a","matrix":[1,0,0,0,0,1,0,0,0,0,1,0,0,0,0,1],"userData":{"layer":"Default"}},{"uuid":"2dfc8dda-2551-4d28-9637-80708f506291","name":"line 8","type":"Line","geometry":"42375987-796e-4e5a-b226-68ba60d917b7","material":"3349ce06-1b6c-4767-8742-2d73a0044b5a","matrix":[1,0,0,0,0,1,0,0,0,0,1,0,0,0,0,1],"userData":{"layer":"Default"}},{"uuid":"230c12ce-8274-4edb-be7a-3921f7ea2262","name":"line 9","type":"Line","geometry":"ddde3827-115d-4b98-b6eb-410868e52bc4","material":"3349ce06-1b6c-4767-8742-2d73a0044b5a","matrix":[1,0,0,0,0,1,0,0,0,0,1,0,0,0,0,1],"userData":{"layer":"Default"}},{"uuid":"3319c741-013d-4adb-a7be-94446e9f6c71","name":"line 10","type":"Line","geometry":"74857514-5908-46e7-86b3-4531dd3c12b5","material":"3349ce06-1b6c-4767-8742-2d73a0044b5a","matrix":[1,0,0,0,0,1,0,0,0,0,1,0,0,0,0,1],"userData":{"layer":"Default"}},{"uuid":"3aea6383-591a-48b8-9d21-bcd81ff1bee5","name":"line 11","type":"Line","geometry":"d5d25871-d3e2-471d-9f1b-84dd73d9cf55","material":"3349ce06-1b6c-4767-8742-2d73a0044b5a","matrix":[1,0,0,0,0,1,0,0,0,0,1,0,0,0,0,1],"userData":{"layer":"Default"}},{"uuid":"556616fb-b037-41cb-ba9a-f9b20446b0ce","name":"line 12","type":"Line","geometry":"0d5cf155-c506-4af9-9f00-eef3142bc541","material":"3349ce06-1b6c-4767-8742-2d73a0044b5a","matrix":[1,0,0,0,0,1,0,0,0,0,1,0,0,0,0,1],"userData":{"layer":"Default"}},{"uuid":"32ba320c-74d0-4e11-96d7-a211b61001e0","name":"line 13","type":"Line","geometry":"806dee89-dd55-4ab5-b0a1-6946d1cf7951","material":"3349ce06-1b6c-4767-8742-2d73a0044b5a","matrix":[1,0,0,0,0,1,0,0,0,0,1,0,0,0,0,1],"userData":{"layer":"Default"}},{"uuid":"596976ae-6296-4b87-bc6f-bb79a86f32b3","name":"line 14","type":"Line","geometry":"caa74597-9439-43fb-b400-452a4b068450","material":"3349ce06-1b6c-4767-8742-2d73a0044b5a","matrix":[1,0,0,0,0,1,0,0,0,0,1,0,0,0,0,1],"userData":{"layer":"Default"}},{"uuid":"c5e9f564-5447-4580-8dfb-f08e74844a87","name":"line 15","type":"Line","geometry":"fe863b8b-58dd-456b-a052-e94dd582ab46","material":"3349ce06-1b6c-4767-8742-2d73a0044b5a","matrix":[1,0,0,0,0,1,0,0,0,0,1,0,0,0,0,1],"userData":{"layer":"Default"}},{"uuid":"f7b35608-ab9f-4858-838b-9fb6ce140104","name":"line 16","type":"Line","geometry":"53770900-ae0d-404a-ab9f-f792335566fe","material":"3349ce06-1b6c-4767-8742-2d73a0044b5a","matrix":[1,0,0,0,0,1,0,0,0,0,1,0,0,0,0,1],"userData":{"layer":"Default"}},{"uuid":"39dfabce-74a5-4a90-bf0b-e72475732697","name":"line 17","type":"Line","geometry":"e5ceb63a-7aa7-4c0b-a686-11676c477a28","material":"3349ce06-1b6c-4767-8742-2d73a0044b5a","matrix":[1,0,0,0,0,1,0,0,0,0,1,0,0,0,0,1],"userData":{"layer":"Default"}},{"uuid":"b0a9a0ed-154b-4aac-9a9a-72c9a8235619","name":"line 18","type":"Line","geometry":"e5f935ea-4599-4848-b4a3-31c24fd2e0e2","material":"3349ce06-1b6c-4767-8742-2d73a0044b5a","matrix":[1,0,0,0,0,1,0,0,0,0,1,0,0,0,0,1],"userData":{"layer":"Default"}},{"uuid":"6d9302a9-1820-4690-8ccc-3f4f5184d516","name":"line 19","type":"Line","geometry":"8b0a475f-349b-48fd-9b60-0a40a255cf64","material":"3349ce06-1b6c-4767-8742-2d73a0044b5a","matrix":[1,0,0,0,0,1,0,0,0,0,1,0,0,0,0,1],"userData":{"layer":"Default"}},{"uuid":"b44bd4cb-305d-44d2-ae56-3bdc0d4a08ba","name":"line 20","type":"Line","geometry":"221f3c5c-a207-46d4-9046-3986b072b923","material":"3349ce06-1b6c-4767-8742-2d73a0044b5a","matrix":[1,0,0,0,0,1,0,0,0,0,1,0,0,0,0,1],"userData":{"layer":"Default"}},{"uuid":"bda86a54-1d97-4621-8ce9-163b433d19d9","name":"line 21","type":"Line","geometry":"da7f09a4-e49c-4113-9911-1b2a0729b7a7","material":"3349ce06-1b6c-4767-8742-2d73a0044b5a","matrix":[1,0,0,0,0,1,0,0,0,0,1,0,0,0,0,1],"userData":{"layer":"Default"}},{"uuid":"2aa6e27d-7131-421e-8358-a15f76f183f4","name":"line 22","type":"Line","geometry":"9abe67d8-7ad4-4b39-9669-89558a935b93","material":"3349ce06-1b6c-4767-8742-2d73a0044b5a","matrix":[1,0,0,0,0,1,0,0,0,0,1,0,0,0,0,1],"userData":{"layer":"Default"}},{"uuid":"8eb9fcfc-b4b1-4947-b7a6-98b3784158f0","name":"line 23","type":"Line","geometry":"5f34a126-682b-411c-a4ff-57a6a8a5c55c","material":"3349ce06-1b6c-4767-8742-2d73a0044b5a","matrix":[1,0,0,0,0,1,0,0,0,0,1,0,0,0,0,1],"userData":{"layer":"Default"}},{"uuid":"fdde8308-cbaa-4a0a-a8b4-37444d0013f7","name":"line 24","type":"Line","geometry":"2850ab63-d61f-4ada-bbaa-fdc89934646b","material":"3349ce06-1b6c-4767-8742-2d73a0044b5a","matrix":[1,0,0,0,0,1,0,0,0,0,1,0,0,0,0,1],"userData":{"layer":"Default"}},{"uuid":"435c6a11-4771-47f6-a656-a1009ccdb342","name":"line 25","type":"Line","geometry":"a2ee107b-4023-48b2-bd97-38b4c0782f91","material":"3349ce06-1b6c-4767-8742-2d73a0044b5a","matrix":[1,0,0,0,0,1,0,0,0,0,1,0,0,0,0,1],"userData":{"layer":"Default"}},{"uuid":"1af26c1f-17b0-46e9-b736-4cdad640b3e3","name":"line 26","type":"Line","geometry":"def8b92e-3c14-4ce2-8a5e-089615623951","material":"3349ce06-1b6c-4767-8742-2d73a0044b5a","matrix":[1,0,0,0,0,1,0,0,0,0,1,0,0,0,0,1],"userData":{"layer":"Default"}},{"uuid":"b4218628-ca57-4753-8a37-ab31dcbba6f9","name":"line 27","type":"Line","geometry":"b34ca2e7-ba2f-4ab3-a25e-a8024ab94725","material":"3349ce06-1b6c-4767-8742-2d73a0044b5a","matrix":[1,0,0,0,0,1,0,0,0,0,1,0,0,0,0,1],"userData":{"layer":"Default"}}],"userData":{"views":[],"layers":[{"name":"Wall"},{"name":"Window"},{"name":"Default"}]}}}