{"metadata":{"version":4.3,"type":"Object","generator":"Spectacles_Grasshopper_Exporter"},"geometries":[{"uuid":"eb8311fc-bf32-47e0-8f98-e7c9d2716cd5","type":"Geometry","data":{"vertices":[-4947.36621,3000.0,3441.39478,-4947.36621,0.0,3441.39478,-2295.71558,0.0,6093.04541,-2295.71558,3000.0,6093.04541,-4873.49805,2563.60474,3515.2627,-4873.49805,463.60477,3515.2627,-2327.91357,463.60477,6060.84717,-2327.91357,2563.60474,6060.84717],"faces":[0,3,7,6,0,4,7,3,0,2,3,6,0,4,3,0,0,1,2,6,0,5,4,0,0,1,6,5,0,5,0,1],"normals":[],"uvs":[],"scale":1,"visible":true,"castShadow":true,"receiveShadow":false,"doubleSided":true,"colors":["0xE6B43C","0xE6B43C","0xE6B43C","0xE6B43C","0xE6B43C","0xE6B43C","0xE6B43C","0xE6B43C"]}},{"uuid":"32336620-f5e9-44a1-97d3-50b77f861682","type":"Geometry","data":{"vertices":[462.00089,3000.0,860.45508,462.00089,0.0,860.45508,-846.14667,0.0,2168.60254,-846.14667,3000.0,2168.60254,-846.14667,3000.0,2168.60254,-846.14667,0.0,2168.60254,-2260.36011,0.0,754.3891,-2260.36011,3000.0,754.3891,-2260.36011,3000.0,754.3891,-2260.36011,0.0,754.3891,-4947.36621,0.0,3441.39478,-4947.36621,3000.0,3441.39478,-2295.71558,3000.0,6093.04541,-2295.71558,0.0,6093.04541,1699.43774,0.0,2097.89209,1699.43774,3000.0,2097.89209,1699.43774,3000.0,2097.89209,1699.43774,0.0,2097.89209,462.00089,0.0,860.45508,462.00089,3000.0,860.45508],"faces":[0,0,1,2,0,0,2,3,0,4,5,6,0,4,6,7,0,8,9,10,0,8,10,11,0,12,13,14,0,12,14,15,0,16,17,18,0,16,18,19],"normals":[],"uvs":[],"scale":1,"visible":true,"castShadow":true,"receiveShadow":false,"doubleSided":true,"colors":["0xE6D796","0xE6D796","0xE6D796","0xE6D796","0xE6D796","0xE6D796","0xE6D796","0xE6D796","0xE6D796","0xE6D796","0xE6D796","0xE6D796","0xE6D796","0xE6D796","0xE6D796","0xE6D796","0xE6D796","0xE6D796","0xE6D796","0xE6D796"]}},{"uuid":"665b1666-7b74-457c-8f3c-7e78dc9f36a0","type":"Geometry","data":{"vertices":[-2295.71558,3000.0,6093.04541,1699.43774,3000.0,2097.89209,462.00089,3000.0,860.45508,-846.14667,3000.0,2168.60254,-2260.36011,3000.0,754.3891,-4947.36621,3000.0,3441.39478],"faces":[0,4,5,0,0,0,1,2,0,3,4,0,0,0,2,3],"normals":[],"uvs":[],"scale":1,"visible":true,"castShadow":true,"receiveShadow":false,"doubleSided":true,"colors":["0xFF8080","0xFF8080","0xFF8080","0xFF8080","0xFF8080","0xFF8080"]}},{"uuid":"c4b4b0ef-ff35-4131-95c7-588c05402889","type":"Geometry","data":{"vertices":[-2295.71558,0.0,6093.04541,-4947.36621,0.0,3441.39478,-2260.36011,0.0,754.3891,-846.14667,0.0,2168.60254,462.00089,0.0,860.45508,1699.43774,0.0,2097.89209],"faces":[0,4,5,0,0,0,1,2,0,3,4,0,0,0,2,3],"normals":[],"uvs":[],"scale":1,"visible":true,"castShadow":true,"receiveShadow":false,"doubleSided":true,"colors":["0xFF8080","0xFF8080","0xFF8080","0xFF8080","0xFF8080","0xFF8080"]}},{"uuid":"ded94b7a-63e1-4fde-b571-596e15cfcc1e","type":"Geometry","data":{"vertices":[-4873.49805,2563.60474,3515.2627,-4873.49805,463.60477,3515.2627,-2327.91357,463.60477,6060.84717,-2327.91357,2563.60474,6060.84717],"faces":[0,0,1,2,0,0,2,3],"normals":[],"uvs":[],"scale":1,"visible":true,"castShadow":true,"receiveShadow":false,"doubleSided":true,"colors":["0x40B4FF","0x40B4FF","0x40B4FF","0x40B4FF"]}},{"uuid":"4630ca79-03f9-4a10-8574-790d1cc4d735","type":"Geometry","data":{"vertices":[0.0,0.0,0.0,0.0,0.0,750.0],"normals":[],"uvs":[],"faces":[],"scale":1,"visible":true,"castShadow":true,"receiveShadow":false}},{"uuid":"641fd7ee-5fae-4c15-8e38-e9278106a0e0","type":"Geometry","data":{"vertices":[-650.0,0.0,0.0,-610.8002,0.0,222.31309],"normals":[],"uvs":[],"faces":[],"scale":1,"visible":true,"castShadow":true,"receiveShadow":false}},{"uuid":"a5536c03-f06c-4f9f-b2f2-13f0a1b6cbfe","type":"Geometry","data":{"vertices":[-610.8002,0.0,222.31309,-497.92889,0.0,417.81195],"normals":[],"uvs":[],"faces":[],"scale":1,"visible":true,"castShadow":true,"receiveShadow":false}},{"uuid":"a697b66a-7ae9-4cb2-ad5d-a5d95de6c198","type":"Geometry","data":{"vertices":[-497.92889,0.0,417.81195,-325.0,0.0,562.91651],"normals":[],"uvs":[],"faces":[],"scale":1,"visible":true,"castShadow":true,"receiveShadow":false}},{"uuid":"7a4458a4-e1db-489a-9069-8200c9814c90","type":"Geometry","data":{"vertices":[-325.0,0.0,562.91651,-112.87132,0.0,640.12504],"normals":[],"uvs":[],"faces":[],"scale":1,"visible":true,"castShadow":true,"receiveShadow":false}},{"uuid":"3dbd14f1-cc0b-41b9-acf8-e0d9182f2cde","type":"Geometry","data":{"vertices":[-112.87132,0.0,640.12504,112.87132,0.0,640.12504],"normals":[],"uvs":[],"faces":[],"scale":1,"visible":true,"castShadow":true,"receiveShadow":false}},{"uuid":"96bc8700-17f7-4dc0-b8f5-d17674875f1e","type":"Geometry","data":{"vertices":[112.87132,0.0,640.12504,325.0,0.0,562.91651],"normals":[],"uvs":[],"faces":[],"scale":1,"visible":true,"castShadow":true,"receiveShadow":false}},{"uuid":"e757d4e8-b30a-4e4c-8d68-83e12f35df39","type":"Geometry","data":{"vertices":[325.0,0.0,562.91651,497.92889,0.0,417.81195],"normals":[],"uvs":[],"faces":[],"scale":1,"visible":true,"castShadow":true,"receiveShadow":false}},{"uuid":"85722fd9-82aa-4460-9f58-261ee1867c8a","type":"Geometry","data":{"vertices":[497.92889,0.0,417.81195,610.8002,0.0,222.31309],"normals":[],"uvs":[],"faces":[],"scale":1,"visible":true,"castShadow":true,"receiveShadow":false}},{"uuid":"6855162d-c673-4974-80ff-1aa97d80c24d","type":"Geometry","data":{"vertices":[610.8002,0.0,222.31309,650.0,0.0,0.0],"normals":[],"uvs":[],"faces":[],"scale":1,"visible":true,"castShadow":true,"receiveShadow":false}},{"uuid":"8b695f68-af28-41f2-b753-640d8dadfa37","type":"Geometry","data":{"vertices":[650.0,0.0,0.0,610.8002,0.0,-222.31309],"normals":[],"uvs":[],"faces":[],"scale":1,"visible":true,"castShadow":true,"receiveShadow":false}},{"uuid":"04f0a2fc-f038-4731-966f-cf47461af81e","type":"Geometry","data":{"vertices":[610.8002,0.0,-222.31309,497.92889,0.0,-417.81195],"normals":[],"uvs":[],"faces":[],"scale":1,"visible":true,"castShadow":true,"receiveShadow":false}},{"uuid":"78557f32-cf3b-4eee-8092-7293e8f900ec","type":"Geometry","data":{"vertices":[497.92889,0.0,-417.81195,325.0,0.0,-562.91651],"normals":[],"uvs":[],"faces":[],"scale":1,"visible":true,"castShadow":true,"receiveShadow":false}},{"uuid":"717cc833-3402-43dd-be47-f8548ba028c8","type":"Geometry","data":{"vertices":[325.0,0.0,-562.91651,112.87132,0.0,-640.12504],"normals":[],"uvs":[],"faces":[],"scale":1,"visible":true,"castShadow":true,"receiveShadow":false}},{"uuid":"34886d5d-6852-4b25-bbd6-4ad621b3121f","type":"Geometry","data":{"vertices":[112.87132,0.0,-640.12504,-112.87132,0.0,-640.12504],"normals":[],"uvs":[],"faces":[],"scale":1,"visible":true,"castShadow":true,"receiveShadow":false}},{"uuid":"c6cae61f-9c27-46a7-9ab2-622da0cce3b0","type":"Geometry","data":{"vertices":[-112.87132,0.0,-640.12504,-325.0,0.0,-562.91651],"normals":[],"uvs":[],"faces":[],"scale":1,"visible":true,"castShadow":true,"receiveShadow":false}},{"uuid":"24f19628-132e-4d1e-9875-64b27ed55373","type":"Geometry","data":{"vertices":[-325.0,0.0,-562.91651,-497.92889,0.0,-417.81195],"normals":[],"uvs":[],"faces":[],"scale":1,"visible":true,"castShadow":true,"receiveShadow":false}},{"uuid":"b2a74c97-0fdb-4112-9baa-3857c37008b3","type":"Geometry","data":{"vertices":[-497.92889,0.0,-417.81195,-610.8002,0.0,-222.31309],"normals":[],"uvs":[],"faces":[],"scale":1,"visible":true,"castShadow":true,"receiveShadow":false}},{"uuid":"47822141-b9fe-4363-a628-8a89a4c5664f","type":"Geometry","data":{"vertices":[-610.8002,0.0,-222.31309,-650.0,0.0,0.0],"normals":[],"uvs":[],"faces":[],"scale":1,"visible":true,"castShadow":true,"receiveShadow":false}},{"uuid":"e2acfd92-db95-4fc2-b7b5-5864abcced90","type":"Geometry","data":{"vertices":[0.0,0.0,500.0,0.0,0.0,750.0],"normals":[],"uvs":[],"faces":[],"scale":1,"visible":true,"castShadow":true,"receiveShadow":false}},{"uuid":"4e0632d8-9181-4272-847b-1ab2bb0deed3","type":"Geometry","data":{"vertices":[-500.0,0.0,0.0,-750.0,0.0,0.0],"normals":[],"uvs":[],"faces":[],"scale":1,"visible":true,"castShadow":true,"receiveShadow":false}},{"uuid":"4315f0c0-bb0e-42bb-b104-77bf14c9dd32","type":"Geometry","data":{"vertices":[0.0,0.0,-500.0,0.0,0.0,-750.0],"normals":[],"uvs":[],"faces":[],"scale":1,"visible":true,"castShadow":true,"receiveShadow":false}},{"uuid":"71f6f579-0540-41e4-adac-9871f692cc25","type":"Geometry","data":{"vertices":[500.0,0.0,0.0,750.0,0.0,0.0],"normals":[],"uvs":[],"faces":[],"scale":1,"visible":true,"castShadow":true,"receiveShadow":false}}],"materials":[{"uuid":"03da3438-315c-4c3d-89b6-6a9a1918dec0","type":"MeshLambertMaterial","color":"0xFFCB3B","ambient":"0xFFCB3B","emissive":"0x000000","side":2,"opacity":1.0,"transparent":true,"shading":1,"vertexColors":0},{"uuid":"8845505a-f941-41b5-af5b-867b65e48ff8","type":"MeshLambertMaterial","color":"0xFFFFC7","ambient":"0xFFFFC7","emissive":"0x000000","side":2,"opacity":0.4,"transparent":true,"shading":1,"vertexColors":0},{"uuid":"c33e9252-3d52-4ba1-a8b9-d59a89baac86","type":"MeshLambertMaterial","color":"0x2A56F5","ambient":"0x2A56F5","emissive":"0x000000","side":2,"opacity":0.8,"transparent":true,"shading":1,"vertexColors":0},{"uuid":"675025e6-1bb1-479d-aa33-76777f8cd776","type":"LineBasicMaterial","color":"0x000000","linewidth":1.0,"opacity":1.0}],"object":{"uuid":"5fddb4a0-29a6-4ab4-88b6-3df7b1b3487e","type":"Scene","matrix":[1,0,0,0,0,1,0,0,0,0,1,0,0,0,0,1],"children":[{"uuid":"554d70ed-63e3-439b-8958-e81d73ddf4d8","name":"mesh0","type":"Mesh","geometry":"eb8311fc-bf32-47e0-8f98-e7c9d2716cd5","material":"03da3438-315c-4c3d-89b6-6a9a1918dec0","matrix":[1,0,0,0,0,1,0,0,0,0,1,0,0,0,0,1],"userData":{"Material":"Wall","layer":"Wall"}},{"uuid":"855e8057-f68c-4f7d-b46c-38ae7fe936bc","name":"mesh1","type":"Mesh","geometry":"32336620-f5e9-44a1-97d3-50b77f861682","material":"8845505a-f941-41b5-af5b-867b65e48ff8","matrix":[1,0,0,0,0,1,0,0,0,0,1,0,0,0,0,1],"userData":{"Material":"Wall","layer":"Wall"}},{"uuid":"e53f241a-be11-4ba2-96a5-3c0bb3f93e2d","name":"mesh2","type":"Mesh","geometry":"665b1666-7b74-457c-8f3c-7e78dc9f36a0","material":"8845505a-f941-41b5-af5b-867b65e48ff8","matrix":[1,0,0,0,0,1,0,0,0,0,1,0,0,0,0,1],"userData":{"Material":"Wall","layer":"Wall"}},{"uuid":"6dede06d-beac-4f55-ba40-800929b245dd","name":"mesh3","type":"Mesh","geometry":"c4b4b0ef-ff35-4131-95c7-588c05402889","material":"8845505a-f941-41b5-af5b-867b65e48ff8","matrix":[1,0,0,0,0,1,0,0,0,0,1,0,0,0,0,1],"userData":{"Material":"Wall","layer":"Wall"}},{"uuid":"b591ee29-1d23-4e41-8e4d-7bdd438e5490","name":"mesh4","type":"Mesh","geometry":"ded94b7a-63e1-4fde-b571-596e15cfcc1e","material":"c33e9252-3d52-4ba1-a8b9-d59a89baac86","matrix":[1,0,0,0,0,1,0,0,0,0,1,0,0,0,0,1],"userData":{"Material":"Wall","layer":"Window"}},{"uuid":"84b69ce2-8fe7-4557-a6ac-1eabf6c181f1","name":"line 5","type":"Line","geometry":"4630ca79-03f9-4a10-8574-790d1cc4d735","material":"675025e6-1bb1-479d-aa33-76777f8cd776","matrix":[1,0,0,0,0,1,0,0,0,0,1,0,0,0,0,1],"userData":{"layer":"Default"}},{"uuid":"d12da7bc-9d7b-4ef7-a605-849663fc9829","name":"line 6","type":"Line","geometry":"641fd7ee-5fae-4c15-8e38-e9278106a0e0","material":"675025e6-1bb1-479d-aa33-76777f8cd776","matrix":[1,0,0,0,0,1,0,0,0,0,1,0,0,0,0,1],"userData":{"layer":"Default"}},{"uuid":"a8c5eaf4-96af-4fac-b420-1badff30b962","name":"line 7","type":"Line","geometry":"a5536c03-f06c-4f9f-b2f2-13f0a1b6cbfe","material":"675025e6-1bb1-479d-aa33-76777f8cd776","matrix":[1,0,0,0,0,1,0,0,0,0,1,0,0,0,0,1],"userData":{"layer":"Default"}},{"uuid":"19f7fca4-195b-4fd0-8dab-677a4461c8b5","name":"line 8","type":"Line","geometry":"a697b66a-7ae9-4cb2-ad5d-a5d95de6c198","material":"675025e6-1bb1-479d-aa33-76777f8cd776","matrix":[1,0,0,0,0,1,0,0,0,0,1,0,0,0,0,1],"userData":{"layer":"Default"}},{"uuid":"28d00761-f3e4-4b9b-89e3-ffc154ae4f6b","name":"line 9","type":"Line","geometry":"7a4458a4-e1db-489a-9069-8200c9814c90","material":"675025e6-1bb1-479d-aa33-76777f8cd776","matrix":[1,0,0,0,0,1,0,0,0,0,1,0,0,0,0,1],"userData":{"layer":"Default"}},{"uuid":"c7735ebc-0e5b-4293-abe5-d995c0679238","name":"line 10","type":"Line","geometry":"3dbd14f1-cc0b-41b9-acf8-e0d9182f2cde","material":"675025e6-1bb1-479d-aa33-76777f8cd776","matrix":[1,0,0,0,0,1,0,0,0,0,1,0,0,0,0,1],"userData":{"layer":"Default"}},{"uuid":"d538cb57-4680-41e1-8d5d-e528a734bf42","name":"line 11","type":"Line","geometry":"96bc8700-17f7-4dc0-b8f5-d17674875f1e","material":"675025e6-1bb1-479d-aa33-76777f8cd776","matrix":[1,0,0,0,0,1,0,0,0,0,1,0,0,0,0,1],"userData":{"layer":"Default"}},{"uuid":"c9a4c448-ede4-45f3-b942-c130f1a21941","name":"line 12","type":"Line","geometry":"e757d4e8-b30a-4e4c-8d68-83e12f35df39","material":"675025e6-1bb1-479d-aa33-76777f8cd776","matrix":[1,0,0,0,0,1,0,0,0,0,1,0,0,0,0,1],"userData":{"layer":"Default"}},{"uuid":"01d9895d-9d87-4128-a807-191302fd337c","name":"line 13","type":"Line","geometry":"85722fd9-82aa-4460-9f58-261ee1867c8a","material":"675025e6-1bb1-479d-aa33-76777f8cd776","matrix":[1,0,0,0,0,1,0,0,0,0,1,0,0,0,0,1],"userData":{"layer":"Default"}},{"uuid":"fe8f3599-1d7d-4e18-996f-db611e042705","name":"line 14","type":"Line","geometry":"6855162d-c673-4974-80ff-1aa97d80c24d","material":"675025e6-1bb1-479d-aa33-76777f8cd776","matrix":[1,0,0,0,0,1,0,0,0,0,1,0,0,0,0,1],"userData":{"layer":"Default"}},{"uuid":"ebeb506c-de82-43e1-a99b-92d4b10c57ac","name":"line 15","type":"Line","geometry":"8b695f68-af28-41f2-b753-640d8dadfa37","material":"675025e6-1bb1-479d-aa33-76777f8cd776","matrix":[1,0,0,0,0,1,0,0,0,0,1,0,0,0,0,1],"userData":{"layer":"Default"}},{"uuid":"ed4aa267-e8b9-41bc-868e-6fef9e709d7d","name":"line 16","type":"Line","geometry":"04f0a2fc-f038-4731-966f-cf47461af81e","material":"675025e6-1bb1-479d-aa33-76777f8cd776","matrix":[1,0,0,0,0,1,0,0,0,0,1,0,0,0,0,1],"userData":{"layer":"Default"}},{"uuid":"bf82b264-19cb-48ab-9eba-528cfbea8789","name":"line 17","type":"Line","geometry":"78557f32-cf3b-4eee-8092-7293e8f900ec","material":"675025e6-1bb1-479d-aa33-76777f8cd776","matrix":[1,0,0,0,0,1,0,0,0,0,1,0,0,0,0,1],"userData":{"layer":"Default"}},{"uuid":"46482d84-95b0-4412-8985-fec0fc0f3e3e","name":"line 18","type":"Line","geometry":"717cc833-3402-43dd-be47-f8548ba028c8","material":"675025e6-1bb1-479d-aa33-76777f8cd776","matrix":[1,0,0,0,0,1,0,0,0,0,1,0,0,0,0,1],"userData":{"layer":"Default"}},{"uuid":"4cbf23d3-0b06-4313-8413-8c36046cd842","name":"line 19","type":"Line","geometry":"34886d5d-6852-4b25-bbd6-4ad621b3121f","material":"675025e6-1bb1-479d-aa33-76777f8cd776","matrix":[1,0,0,0,0,1,0,0,0,0,1,0,0,0,0,1],"userData":{"layer":"Default"}},{"uuid":"ff825625-b6a6-475f-b160-5ac120ddab64","name":"line 20","type":"Line","geometry":"c6cae61f-9c27-46a7-9ab2-622da0cce3b0","material":"675025e6-1bb1-479d-aa33-76777f8cd776","matrix":[1,0,0,0,0,1,0,0,0,0,1,0,0,0,0,1],"userData":{"layer":"Default"}},{"uuid":"aae00be5-280a-435b-b6ac-ed7baf9cebb2","name":"line 21","type":"Line","geometry":"24f19628-132e-4d1e-9875-64b27ed55373","material":"675025e6-1bb1-479d-aa33-76777f8cd776","matrix":[1,0,0,0,0,1,0,0,0,0,1,0,0,0,0,1],"userData":{"layer":"Default"}},{"uuid":"8eab7716-d542-4d07-9ed5-a755188374a4","name":"line 22","type":"Line","geometry":"b2a74c97-0fdb-4112-9baa-3857c37008b3","material":"675025e6-1bb1-479d-aa33-76777f8cd776","matrix":[1,0,0,0,0,1,0,0,0,0,1,0,0,0,0,1],"userData":{"layer":"Default"}},{"uuid":"9715e2cc-9a09-4047-a852-9ea0a7d2700d","name":"line 23","type":"Line","geometry":"47822141-b9fe-4363-a628-8a89a4c5664f","material":"675025e6-1bb1-479d-aa33-76777f8cd776","matrix":[1,0,0,0,0,1,0,0,0,0,1,0,0,0,0,1],"userData":{"layer":"Default"}},{"uuid":"25686d60-3276-433a-9d7f-75e485808b84","name":"line 24","type":"Line","geometry":"e2acfd92-db95-4fc2-b7b5-5864abcced90","material":"675025e6-1bb1-479d-aa33-76777f8cd776","matrix":[1,0,0,0,0,1,0,0,0,0,1,0,0,0,0,1],"userData":{"layer":"Default"}},{"uuid":"75de0f52-c6e4-4856-821e-d728d4eb8eae","name":"line 25","type":"Line","geometry":"4e0632d8-9181-4272-847b-1ab2bb0deed3","material":"675025e6-1bb1-479d-aa33-76777f8cd776","matrix":[1,0,0,0,0,1,0,0,0,0,1,0,0,0,0,1],"userData":{"layer":"Default"}},{"uuid":"0f169c16-1a11-42e1-90b2-5536d44b35dc","name":"line 26","type":"Line","geometry":"4315f0c0-bb0e-42bb-b104-77bf14c9dd32","material":"675025e6-1bb1-479d-aa33-76777f8cd776","matrix":[1,0,0,0,0,1,0,0,0,0,1,0,0,0,0,1],"userData":{"layer":"Default"}},{"uuid":"101fc75f-41ea-423d-8bbb-c78d29006578","name":"line 27","type":"Line","geometry":"71f6f579-0540-41e4-adac-9871f692cc25","material":"675025e6-1bb1-479d-aa33-76777f8cd776","matrix":[1,0,0,0,0,1,0,0,0,0,1,0,0,0,0,1],"userData":{"layer":"Default"}}],"userData":{"views":[],"layers":[{"name":"Wall"},{"name":"Window"},{"name":"Default"}]}}}