{"metadata":{"version":4.3,"type":"Object","generator":"Spectacles_Grasshopper_Exporter"},"geometries":[{"uuid":"ee22af81-4af6-433b-9f58-7d89e0f5e8d2","type":"Geometry","data":{"vertices":[-4947.36621,3000.0,3441.39478,-4947.36621,0.0,3441.39478,-2295.71558,0.0,6093.04541,-2295.71558,3000.0,6093.04541,-4873.49805,2563.60474,3515.2627,-4873.49805,463.60477,3515.2627,-2752.17773,463.60477,5636.58301,-2752.17773,2563.60474,5636.58301],"faces":[0,3,7,6,0,4,7,3,0,2,3,6,0,4,3,0,0,1,2,6,0,5,4,0,0,1,6,5,0,5,0,1],"normals":[],"uvs":[],"scale":1,"visible":true,"castShadow":true,"receiveShadow":false,"doubleSided":true,"colors":["0xE6B43C","0xE6B43C","0xE6B43C","0xE6B43C","0xE6B43C","0xE6B43C","0xE6B43C","0xE6B43C"]}},{"uuid":"44927cd5-dfbd-414c-948c-95cc547b800e","type":"Geometry","data":{"vertices":[462.00089,3000.0,860.45508,462.00089,0.0,860.45508,-846.14667,0.0,2168.60254,-846.14667,3000.0,2168.60254,-846.14667,3000.0,2168.60254,-846.14667,0.0,2168.60254,-2260.36011,0.0,754.3891,-2260.36011,3000.0,754.3891,-2260.36011,3000.0,754.3891,-2260.36011,0.0,754.3891,-4947.36621,0.0,3441.39478,-4947.36621,3000.0,3441.39478,-2295.71558,3000.0,6093.04541,-2295.71558,0.0,6093.04541,1699.43774,0.0,2097.89209,1699.43774,3000.0,2097.89209,1699.43774,3000.0,2097.89209,1699.43774,0.0,2097.89209,462.00089,0.0,860.45508,462.00089,3000.0,860.45508],"faces":[0,0,1,2,0,0,2,3,0,4,5,6,0,4,6,7,0,8,9,10,0,8,10,11,0,12,13,14,0,12,14,15,0,16,17,18,0,16,18,19],"normals":[],"uvs":[],"scale":1,"visible":true,"castShadow":true,"receiveShadow":false,"doubleSided":true,"colors":["0xE6D796","0xE6D796","0xE6D796","0xE6D796","0xE6D796","0xE6D796","0xE6D796","0xE6D796","0xE6D796","0xE6D796","0xE6D796","0xE6D796","0xE6D796","0xE6D796","0xE6D796","0xE6D796","0xE6D796","0xE6D796","0xE6D796","0xE6D796"]}},{"uuid":"087bcc95-e964-42c5-adc7-4f1aa522a7ba","type":"Geometry","data":{"vertices":[-2295.71558,3000.0,6093.04541,1699.43774,3000.0,2097.89209,462.00089,3000.0,860.45508,-846.14667,3000.0,2168.60254,-2260.36011,3000.0,754.3891,-4947.36621,3000.0,3441.39478],"faces":[0,4,5,0,0,0,1,2,0,3,4,0,0,0,2,3],"normals":[],"uvs":[],"scale":1,"visible":true,"castShadow":true,"receiveShadow":false,"doubleSided":true,"colors":["0xFF8080","0xFF8080","0xFF8080","0xFF8080","0xFF8080","0xFF8080"]}},{"uuid":"3f0c1458-4b4e-45b4-8adb-f0083219196f","type":"Geometry","data":{"vertices":[-2295.71558,0.0,6093.04541,-4947.36621,0.0,3441.39478,-2260.36011,0.0,754.3891,-846.14667,0.0,2168.60254,462.00089,0.0,860.45508,1699.43774,0.0,2097.89209],"faces":[0,4,5,0,0,0,1,2,0,3,4,0,0,0,2,3],"normals":[],"uvs":[],"scale":1,"visible":true,"castShadow":true,"receiveShadow":false,"doubleSided":true,"colors":["0xFF8080","0xFF8080","0xFF8080","0xFF8080","0xFF8080","0xFF8080"]}},{"uuid":"9ede4f2d-c93e-4eaa-820d-b04c41d278c1","type":"Geometry","data":{"vertices":[-4873.49805,2563.60474,3515.2627,-4873.49805,463.60477,3515.2627,-2752.17773,463.60477,5636.58301,-2752.17773,2563.60474,5636.58301],"faces":[0,0,1,2,0,0,2,3],"normals":[],"uvs":[],"scale":1,"visible":true,"castShadow":true,"receiveShadow":false,"doubleSided":true,"colors":["0x40B4FF","0x40B4FF","0x40B4FF","0x40B4FF"]}},{"uuid":"f644653b-886f-4789-b606-c31e5c49506a","type":"Geometry","data":{"vertices":[0.0,0.0,0.0,0.0,0.0,750.0],"normals":[],"uvs":[],"faces":[],"scale":1,"visible":true,"castShadow":true,"receiveShadow":false}},{"uuid":"210b0d65-af2d-4cef-833b-4c3e83403ecc","type":"Geometry","data":{"vertices":[-650.0,0.0,0.0,-610.8002,0.0,222.31309],"normals":[],"uvs":[],"faces":[],"scale":1,"visible":true,"castShadow":true,"receiveShadow":false}},{"uuid":"0db8cb7b-0972-4a0e-ba28-90e1826b64b3","type":"Geometry","data":{"vertices":[-610.8002,0.0,222.31309,-497.92889,0.0,417.81195],"normals":[],"uvs":[],"faces":[],"scale":1,"visible":true,"castShadow":true,"receiveShadow":false}},{"uuid":"2169f2b6-c075-4dff-ad93-e56d6249e0e9","type":"Geometry","data":{"vertices":[-497.92889,0.0,417.81195,-325.0,0.0,562.91651],"normals":[],"uvs":[],"faces":[],"scale":1,"visible":true,"castShadow":true,"receiveShadow":false}},{"uuid":"73934881-e67f-4f2d-8ebd-3a9c70321451","type":"Geometry","data":{"vertices":[-325.0,0.0,562.91651,-112.87132,0.0,640.12504],"normals":[],"uvs":[],"faces":[],"scale":1,"visible":true,"castShadow":true,"receiveShadow":false}},{"uuid":"fddf51d5-128c-4fac-8eec-506c7718053e","type":"Geometry","data":{"vertices":[-112.87132,0.0,640.12504,112.87132,0.0,640.12504],"normals":[],"uvs":[],"faces":[],"scale":1,"visible":true,"castShadow":true,"receiveShadow":false}},{"uuid":"3aa3d0af-3aac-4fba-8cd9-737ca7849226","type":"Geometry","data":{"vertices":[112.87132,0.0,640.12504,325.0,0.0,562.91651],"normals":[],"uvs":[],"faces":[],"scale":1,"visible":true,"castShadow":true,"receiveShadow":false}},{"uuid":"8ff02cfb-5f21-41e4-bb72-0e0d596c5ae1","type":"Geometry","data":{"vertices":[325.0,0.0,562.91651,497.92889,0.0,417.81195],"normals":[],"uvs":[],"faces":[],"scale":1,"visible":true,"castShadow":true,"receiveShadow":false}},{"uuid":"dc3e269e-30d6-4899-98cf-9b7d3b8198e4","type":"Geometry","data":{"vertices":[497.92889,0.0,417.81195,610.8002,0.0,222.31309],"normals":[],"uvs":[],"faces":[],"scale":1,"visible":true,"castShadow":true,"receiveShadow":false}},{"uuid":"f33d7fd4-87ee-44db-950c-d22aa8f8d3ed","type":"Geometry","data":{"vertices":[610.8002,0.0,222.31309,650.0,0.0,0.0],"normals":[],"uvs":[],"faces":[],"scale":1,"visible":true,"castShadow":true,"receiveShadow":false}},{"uuid":"8ab6b764-e069-43aa-a80b-3971dd72c96d","type":"Geometry","data":{"vertices":[650.0,0.0,0.0,610.8002,0.0,-222.31309],"normals":[],"uvs":[],"faces":[],"scale":1,"visible":true,"castShadow":true,"receiveShadow":false}},{"uuid":"1e28bab3-db33-4de7-b61b-029f148e35ec","type":"Geometry","data":{"vertices":[610.8002,0.0,-222.31309,497.92889,0.0,-417.81195],"normals":[],"uvs":[],"faces":[],"scale":1,"visible":true,"castShadow":true,"receiveShadow":false}},{"uuid":"f3159158-9d3f-4f85-9b3e-e6fa11c9a730","type":"Geometry","data":{"vertices":[497.92889,0.0,-417.81195,325.0,0.0,-562.91651],"normals":[],"uvs":[],"faces":[],"scale":1,"visible":true,"castShadow":true,"receiveShadow":false}},{"uuid":"7ec3cff6-c3de-407e-bec4-ae10d44b8bea","type":"Geometry","data":{"vertices":[325.0,0.0,-562.91651,112.87132,0.0,-640.12504],"normals":[],"uvs":[],"faces":[],"scale":1,"visible":true,"castShadow":true,"receiveShadow":false}},{"uuid":"aeed75fd-7198-433f-a116-f434c21f6d14","type":"Geometry","data":{"vertices":[112.87132,0.0,-640.12504,-112.87132,0.0,-640.12504],"normals":[],"uvs":[],"faces":[],"scale":1,"visible":true,"castShadow":true,"receiveShadow":false}},{"uuid":"b31091c5-992d-47ca-9a2a-4f3428b8efc6","type":"Geometry","data":{"vertices":[-112.87132,0.0,-640.12504,-325.0,0.0,-562.91651],"normals":[],"uvs":[],"faces":[],"scale":1,"visible":true,"castShadow":true,"receiveShadow":false}},{"uuid":"66893a5b-492e-45a5-851f-9c0e9ec64366","type":"Geometry","data":{"vertices":[-325.0,0.0,-562.91651,-497.92889,0.0,-417.81195],"normals":[],"uvs":[],"faces":[],"scale":1,"visible":true,"castShadow":true,"receiveShadow":false}},{"uuid":"6ea0283a-a8c3-4027-bf90-13307fe638c8","type":"Geometry","data":{"vertices":[-497.92889,0.0,-417.81195,-610.8002,0.0,-222.31309],"normals":[],"uvs":[],"faces":[],"scale":1,"visible":true,"castShadow":true,"receiveShadow":false}},{"uuid":"e19200d1-617b-491e-a2f7-1d8724dc05f0","type":"Geometry","data":{"vertices":[-610.8002,0.0,-222.31309,-650.0,0.0,0.0],"normals":[],"uvs":[],"faces":[],"scale":1,"visible":true,"castShadow":true,"receiveShadow":false}},{"uuid":"bc6f0777-9139-43b9-837b-0dddfd56fd74","type":"Geometry","data":{"vertices":[0.0,0.0,500.0,0.0,0.0,750.0],"normals":[],"uvs":[],"faces":[],"scale":1,"visible":true,"castShadow":true,"receiveShadow":false}},{"uuid":"bd260ed2-9aea-4752-b533-fa66e18108fe","type":"Geometry","data":{"vertices":[-500.0,0.0,0.0,-750.0,0.0,0.0],"normals":[],"uvs":[],"faces":[],"scale":1,"visible":true,"castShadow":true,"receiveShadow":false}},{"uuid":"bb85f7d4-d8d5-4b19-9e8a-56ee714a9f5d","type":"Geometry","data":{"vertices":[0.0,0.0,-500.0,0.0,0.0,-750.0],"normals":[],"uvs":[],"faces":[],"scale":1,"visible":true,"castShadow":true,"receiveShadow":false}},{"uuid":"7d5c8434-5170-4fcf-a21c-3e890eb138d2","type":"Geometry","data":{"vertices":[500.0,0.0,0.0,750.0,0.0,0.0],"normals":[],"uvs":[],"faces":[],"scale":1,"visible":true,"castShadow":true,"receiveShadow":false}}],"materials":[{"uuid":"03da3438-315c-4c3d-89b6-6a9a1918dec0","type":"MeshLambertMaterial","color":"0xFFCB3B","ambient":"0xFFCB3B","emissive":"0x000000","side":2,"opacity":1.0,"transparent":true,"shading":1,"vertexColors":0},{"uuid":"8845505a-f941-41b5-af5b-867b65e48ff8","type":"MeshLambertMaterial","color":"0xFFFFC7","ambient":"0xFFFFC7","emissive":"0x000000","side":2,"opacity":0.4,"transparent":true,"shading":1,"vertexColors":0},{"uuid":"c33e9252-3d52-4ba1-a8b9-d59a89baac86","type":"MeshLambertMaterial","color":"0x2A56F5","ambient":"0x2A56F5","emissive":"0x000000","side":2,"opacity":0.8,"transparent":true,"shading":1,"vertexColors":0},{"uuid":"9ce6571d-4da7-419a-ac25-f8d22a009866","type":"LineBasicMaterial","color":"0x000000","linewidth":1.0,"opacity":1.0}],"object":{"uuid":"521506ec-8195-41cf-b084-d03d5bff7bd2","type":"Scene","matrix":[1,0,0,0,0,1,0,0,0,0,1,0,0,0,0,1],"children":[{"uuid":"7441471e-7ea6-4d66-aaa5-b0298467dbdc","name":"mesh0","type":"Mesh","geometry":"ee22af81-4af6-433b-9f58-7d89e0f5e8d2","material":"03da3438-315c-4c3d-89b6-6a9a1918dec0","matrix":[1,0,0,0,0,1,0,0,0,0,1,0,0,0,0,1],"userData":{"Material":"Wall","layer":"Wall"}},{"uuid":"eef385b8-9722-4373-a01a-6b6b44e6ec69","name":"mesh1","type":"Mesh","geometry":"44927cd5-dfbd-414c-948c-95cc547b800e","material":"8845505a-f941-41b5-af5b-867b65e48ff8","matrix":[1,0,0,0,0,1,0,0,0,0,1,0,0,0,0,1],"userData":{"Material":"Wall","layer":"Wall"}},{"uuid":"a83f9b5f-d95b-419f-9550-b46b745b7efd","name":"mesh2","type":"Mesh","geometry":"087bcc95-e964-42c5-adc7-4f1aa522a7ba","material":"8845505a-f941-41b5-af5b-867b65e48ff8","matrix":[1,0,0,0,0,1,0,0,0,0,1,0,0,0,0,1],"userData":{"Material":"Wall","layer":"Wall"}},{"uuid":"367201ef-8862-4386-9f1c-b23e6e944729","name":"mesh3","type":"Mesh","geometry":"3f0c1458-4b4e-45b4-8adb-f0083219196f","material":"8845505a-f941-41b5-af5b-867b65e48ff8","matrix":[1,0,0,0,0,1,0,0,0,0,1,0,0,0,0,1],"userData":{"Material":"Wall","layer":"Wall"}},{"uuid":"2722a2be-e3ea-4bc4-9573-cac42ad38879","name":"mesh4","type":"Mesh","geometry":"9ede4f2d-c93e-4eaa-820d-b04c41d278c1","material":"c33e9252-3d52-4ba1-a8b9-d59a89baac86","matrix":[1,0,0,0,0,1,0,0,0,0,1,0,0,0,0,1],"userData":{"Material":"Wall","layer":"Window"}},{"uuid":"af99b57a-7031-4c25-81ad-a25ac0cc3aa6","name":"line 5","type":"Line","geometry":"f644653b-886f-4789-b606-c31e5c49506a","material":"9ce6571d-4da7-419a-ac25-f8d22a009866","matrix":[1,0,0,0,0,1,0,0,0,0,1,0,0,0,0,1],"userData":{"layer":"Default"}},{"uuid":"5967162e-30b5-40c2-b897-f4abc98f8a9e","name":"line 6","type":"Line","geometry":"210b0d65-af2d-4cef-833b-4c3e83403ecc","material":"9ce6571d-4da7-419a-ac25-f8d22a009866","matrix":[1,0,0,0,0,1,0,0,0,0,1,0,0,0,0,1],"userData":{"layer":"Default"}},{"uuid":"a3c130b1-76f3-4e34-9d37-61dc25d99183","name":"line 7","type":"Line","geometry":"0db8cb7b-0972-4a0e-ba28-90e1826b64b3","material":"9ce6571d-4da7-419a-ac25-f8d22a009866","matrix":[1,0,0,0,0,1,0,0,0,0,1,0,0,0,0,1],"userData":{"layer":"Default"}},{"uuid":"f284cb03-42cd-45dd-9bc9-8a23391d8057","name":"line 8","type":"Line","geometry":"2169f2b6-c075-4dff-ad93-e56d6249e0e9","material":"9ce6571d-4da7-419a-ac25-f8d22a009866","matrix":[1,0,0,0,0,1,0,0,0,0,1,0,0,0,0,1],"userData":{"layer":"Default"}},{"uuid":"fc3b2362-9ba9-45bd-9fe8-07e83048316e","name":"line 9","type":"Line","geometry":"73934881-e67f-4f2d-8ebd-3a9c70321451","material":"9ce6571d-4da7-419a-ac25-f8d22a009866","matrix":[1,0,0,0,0,1,0,0,0,0,1,0,0,0,0,1],"userData":{"layer":"Default"}},{"uuid":"eb4ba1e2-d78b-4fd6-8154-d2429ddf68f5","name":"line 10","type":"Line","geometry":"fddf51d5-128c-4fac-8eec-506c7718053e","material":"9ce6571d-4da7-419a-ac25-f8d22a009866","matrix":[1,0,0,0,0,1,0,0,0,0,1,0,0,0,0,1],"userData":{"layer":"Default"}},{"uuid":"cc080015-4a66-49cc-a825-5efab6953a43","name":"line 11","type":"Line","geometry":"3aa3d0af-3aac-4fba-8cd9-737ca7849226","material":"9ce6571d-4da7-419a-ac25-f8d22a009866","matrix":[1,0,0,0,0,1,0,0,0,0,1,0,0,0,0,1],"userData":{"layer":"Default"}},{"uuid":"933f3b8d-2687-467f-8529-386740756ed9","name":"line 12","type":"Line","geometry":"8ff02cfb-5f21-41e4-bb72-0e0d596c5ae1","material":"9ce6571d-4da7-419a-ac25-f8d22a009866","matrix":[1,0,0,0,0,1,0,0,0,0,1,0,0,0,0,1],"userData":{"layer":"Default"}},{"uuid":"27eafc2b-e1f1-49d3-8a66-d6e15897a659","name":"line 13","type":"Line","geometry":"dc3e269e-30d6-4899-98cf-9b7d3b8198e4","material":"9ce6571d-4da7-419a-ac25-f8d22a009866","matrix":[1,0,0,0,0,1,0,0,0,0,1,0,0,0,0,1],"userData":{"layer":"Default"}},{"uuid":"a17203a9-a21c-4948-a26d-3049d5050094","name":"line 14","type":"Line","geometry":"f33d7fd4-87ee-44db-950c-d22aa8f8d3ed","material":"9ce6571d-4da7-419a-ac25-f8d22a009866","matrix":[1,0,0,0,0,1,0,0,0,0,1,0,0,0,0,1],"userData":{"layer":"Default"}},{"uuid":"eab5059e-cc24-489d-b0d1-eaa347230015","name":"line 15","type":"Line","geometry":"8ab6b764-e069-43aa-a80b-3971dd72c96d","material":"9ce6571d-4da7-419a-ac25-f8d22a009866","matrix":[1,0,0,0,0,1,0,0,0,0,1,0,0,0,0,1],"userData":{"layer":"Default"}},{"uuid":"091a874f-43c7-40db-87e2-3065adfba79d","name":"line 16","type":"Line","geometry":"1e28bab3-db33-4de7-b61b-029f148e35ec","material":"9ce6571d-4da7-419a-ac25-f8d22a009866","matrix":[1,0,0,0,0,1,0,0,0,0,1,0,0,0,0,1],"userData":{"layer":"Default"}},{"uuid":"1fea3e62-ecc7-4249-8348-d059a0ed951a","name":"line 17","type":"Line","geometry":"f3159158-9d3f-4f85-9b3e-e6fa11c9a730","material":"9ce6571d-4da7-419a-ac25-f8d22a009866","matrix":[1,0,0,0,0,1,0,0,0,0,1,0,0,0,0,1],"userData":{"layer":"Default"}},{"uuid":"2aa62bb7-b8d3-4e4d-8006-7bfb17ef3821","name":"line 18","type":"Line","geometry":"7ec3cff6-c3de-407e-bec4-ae10d44b8bea","material":"9ce6571d-4da7-419a-ac25-f8d22a009866","matrix":[1,0,0,0,0,1,0,0,0,0,1,0,0,0,0,1],"userData":{"layer":"Default"}},{"uuid":"e4c88e1e-89a5-468e-82b0-fd01e08a4c68","name":"line 19","type":"Line","geometry":"aeed75fd-7198-433f-a116-f434c21f6d14","material":"9ce6571d-4da7-419a-ac25-f8d22a009866","matrix":[1,0,0,0,0,1,0,0,0,0,1,0,0,0,0,1],"userData":{"layer":"Default"}},{"uuid":"54376410-d645-4967-8192-f84c5194aba4","name":"line 20","type":"Line","geometry":"b31091c5-992d-47ca-9a2a-4f3428b8efc6","material":"9ce6571d-4da7-419a-ac25-f8d22a009866","matrix":[1,0,0,0,0,1,0,0,0,0,1,0,0,0,0,1],"userData":{"layer":"Default"}},{"uuid":"d3d64062-ca87-45e8-bc9d-ac4098780469","name":"line 21","type":"Line","geometry":"66893a5b-492e-45a5-851f-9c0e9ec64366","material":"9ce6571d-4da7-419a-ac25-f8d22a009866","matrix":[1,0,0,0,0,1,0,0,0,0,1,0,0,0,0,1],"userData":{"layer":"Default"}},{"uuid":"44a77ea9-f795-4641-85ff-e12db745dc68","name":"line 22","type":"Line","geometry":"6ea0283a-a8c3-4027-bf90-13307fe638c8","material":"9ce6571d-4da7-419a-ac25-f8d22a009866","matrix":[1,0,0,0,0,1,0,0,0,0,1,0,0,0,0,1],"userData":{"layer":"Default"}},{"uuid":"8b292c3c-29f6-4732-81fe-59d2fde98fa9","name":"line 23","type":"Line","geometry":"e19200d1-617b-491e-a2f7-1d8724dc05f0","material":"9ce6571d-4da7-419a-ac25-f8d22a009866","matrix":[1,0,0,0,0,1,0,0,0,0,1,0,0,0,0,1],"userData":{"layer":"Default"}},{"uuid":"2720140e-adde-4e88-9ad6-20df311ce83d","name":"line 24","type":"Line","geometry":"bc6f0777-9139-43b9-837b-0dddfd56fd74","material":"9ce6571d-4da7-419a-ac25-f8d22a009866","matrix":[1,0,0,0,0,1,0,0,0,0,1,0,0,0,0,1],"userData":{"layer":"Default"}},{"uuid":"a874b7a7-0f33-4fba-8421-591840325335","name":"line 25","type":"Line","geometry":"bd260ed2-9aea-4752-b533-fa66e18108fe","material":"9ce6571d-4da7-419a-ac25-f8d22a009866","matrix":[1,0,0,0,0,1,0,0,0,0,1,0,0,0,0,1],"userData":{"layer":"Default"}},{"uuid":"514c3d17-dd47-4b05-b993-54f0d5b2ce4b","name":"line 26","type":"Line","geometry":"bb85f7d4-d8d5-4b19-9e8a-56ee714a9f5d","material":"9ce6571d-4da7-419a-ac25-f8d22a009866","matrix":[1,0,0,0,0,1,0,0,0,0,1,0,0,0,0,1],"userData":{"layer":"Default"}},{"uuid":"d9e4a1a3-c465-4dde-bc47-472d07807f9a","name":"line 27","type":"Line","geometry":"7d5c8434-5170-4fcf-a21c-3e890eb138d2","material":"9ce6571d-4da7-419a-ac25-f8d22a009866","matrix":[1,0,0,0,0,1,0,0,0,0,1,0,0,0,0,1],"userData":{"layer":"Default"}}],"userData":{"views":[],"layers":[{"name":"Wall"},{"name":"Window"},{"name":"Default"}]}}}