{"metadata":{"version":4.3,"type":"Object","generator":"Spectacles_Grasshopper_Exporter"},"geometries":[{"uuid":"313f6eab-92fc-4338-b952-fdc6266b6bea","type":"Geometry","data":{"vertices":[-4947.36621,3000.0,3441.39478,-4947.36621,0.0,3441.39478,-2295.71558,0.0,6093.04541,-2295.71558,3000.0,6093.04541,-4873.49805,2563.60474,3515.2627,-4873.49805,863.60474,3515.2627,-2540.04565,863.60474,5848.71533,-2540.04565,2563.60474,5848.71533],"faces":[0,3,7,6,0,4,7,3,0,2,3,6,0,4,3,0,0,1,2,6,0,5,4,0,0,1,6,5,0,5,0,1],"normals":[],"uvs":[],"scale":1,"visible":true,"castShadow":true,"receiveShadow":false,"doubleSided":true,"colors":["0xE6B43C","0xE6B43C","0xE6B43C","0xE6B43C","0xE6B43C","0xE6B43C","0xE6B43C","0xE6B43C"]}},{"uuid":"fc2fa583-7f25-4c14-88dc-01753920d4fb","type":"Geometry","data":{"vertices":[462.00089,3000.0,860.45508,462.00089,0.0,860.45508,-846.14667,0.0,2168.60254,-846.14667,3000.0,2168.60254,-846.14667,3000.0,2168.60254,-846.14667,0.0,2168.60254,-2260.36011,0.0,754.3891,-2260.36011,3000.0,754.3891,-2260.36011,3000.0,754.3891,-2260.36011,0.0,754.3891,-4947.36621,0.0,3441.39478,-4947.36621,3000.0,3441.39478,-2295.71558,3000.0,6093.04541,-2295.71558,0.0,6093.04541,1699.43774,0.0,2097.89209,1699.43774,3000.0,2097.89209,1699.43774,3000.0,2097.89209,1699.43774,0.0,2097.89209,462.00089,0.0,860.45508,462.00089,3000.0,860.45508],"faces":[0,0,1,2,0,0,2,3,0,4,5,6,0,4,6,7,0,8,9,10,0,8,10,11,0,12,13,14,0,12,14,15,0,16,17,18,0,16,18,19],"normals":[],"uvs":[],"scale":1,"visible":true,"castShadow":true,"receiveShadow":false,"doubleSided":true,"colors":["0xE6D796","0xE6D796","0xE6D796","0xE6D796","0xE6D796","0xE6D796","0xE6D796","0xE6D796","0xE6D796","0xE6D796","0xE6D796","0xE6D796","0xE6D796","0xE6D796","0xE6D796","0xE6D796","0xE6D796","0xE6D796","0xE6D796","0xE6D796"]}},{"uuid":"4150791c-bee1-4594-aa82-c11527189a62","type":"Geometry","data":{"vertices":[-2295.71558,3000.0,6093.04541,1699.43774,3000.0,2097.89209,462.00089,3000.0,860.45508,-846.14667,3000.0,2168.60254,-2260.36011,3000.0,754.3891,-4947.36621,3000.0,3441.39478],"faces":[0,4,5,0,0,0,1,2,0,3,4,0,0,0,2,3],"normals":[],"uvs":[],"scale":1,"visible":true,"castShadow":true,"receiveShadow":false,"doubleSided":true,"colors":["0xFF8080","0xFF8080","0xFF8080","0xFF8080","0xFF8080","0xFF8080"]}},{"uuid":"810df803-afef-4ec5-aac9-759efa3e5e7c","type":"Geometry","data":{"vertices":[-2295.71558,0.0,6093.04541,-4947.36621,0.0,3441.39478,-2260.36011,0.0,754.3891,-846.14667,0.0,2168.60254,462.00089,0.0,860.45508,1699.43774,0.0,2097.89209],"faces":[0,4,5,0,0,0,1,2,0,3,4,0,0,0,2,3],"normals":[],"uvs":[],"scale":1,"visible":true,"castShadow":true,"receiveShadow":false,"doubleSided":true,"colors":["0xFF8080","0xFF8080","0xFF8080","0xFF8080","0xFF8080","0xFF8080"]}},{"uuid":"54b2a199-0546-4b60-9c8a-5dd5e8abe72f","type":"Geometry","data":{"vertices":[-4873.49805,2563.60474,3515.2627,-4873.49805,863.60474,3515.2627,-2540.04565,863.60474,5848.71533,-2540.04565,2563.60474,5848.71533],"faces":[0,0,1,2,0,0,2,3],"normals":[],"uvs":[],"scale":1,"visible":true,"castShadow":true,"receiveShadow":false,"doubleSided":true,"colors":["0x40B4FF","0x40B4FF","0x40B4FF","0x40B4FF"]}},{"uuid":"3634cff5-0a17-4abf-ad2a-11e7d3769004","type":"Geometry","data":{"vertices":[0.0,0.0,0.0,0.0,0.0,750.0],"normals":[],"uvs":[],"faces":[],"scale":1,"visible":true,"castShadow":true,"receiveShadow":false}},{"uuid":"63b94171-13b4-40b3-9e57-3780730ebd2c","type":"Geometry","data":{"vertices":[-650.0,0.0,0.0,-610.8002,0.0,222.31309],"normals":[],"uvs":[],"faces":[],"scale":1,"visible":true,"castShadow":true,"receiveShadow":false}},{"uuid":"a9af835a-6c96-4b73-97f8-ca0301083dd5","type":"Geometry","data":{"vertices":[-610.8002,0.0,222.31309,-497.92889,0.0,417.81195],"normals":[],"uvs":[],"faces":[],"scale":1,"visible":true,"castShadow":true,"receiveShadow":false}},{"uuid":"bd0d70b9-cfa0-404f-8c78-b7370b47697a","type":"Geometry","data":{"vertices":[-497.92889,0.0,417.81195,-325.0,0.0,562.91651],"normals":[],"uvs":[],"faces":[],"scale":1,"visible":true,"castShadow":true,"receiveShadow":false}},{"uuid":"511afaae-eb46-4419-879d-0d91d0fedb4e","type":"Geometry","data":{"vertices":[-325.0,0.0,562.91651,-112.87132,0.0,640.12504],"normals":[],"uvs":[],"faces":[],"scale":1,"visible":true,"castShadow":true,"receiveShadow":false}},{"uuid":"339126a5-db01-4f42-919e-e5c434c2d4c4","type":"Geometry","data":{"vertices":[-112.87132,0.0,640.12504,112.87132,0.0,640.12504],"normals":[],"uvs":[],"faces":[],"scale":1,"visible":true,"castShadow":true,"receiveShadow":false}},{"uuid":"799d6eab-255d-4e12-bae0-7c742f266609","type":"Geometry","data":{"vertices":[112.87132,0.0,640.12504,325.0,0.0,562.91651],"normals":[],"uvs":[],"faces":[],"scale":1,"visible":true,"castShadow":true,"receiveShadow":false}},{"uuid":"aabc6a63-095b-4cec-843f-b0c310777f15","type":"Geometry","data":{"vertices":[325.0,0.0,562.91651,497.92889,0.0,417.81195],"normals":[],"uvs":[],"faces":[],"scale":1,"visible":true,"castShadow":true,"receiveShadow":false}},{"uuid":"7f2be711-b955-497e-a869-d7c045219def","type":"Geometry","data":{"vertices":[497.92889,0.0,417.81195,610.8002,0.0,222.31309],"normals":[],"uvs":[],"faces":[],"scale":1,"visible":true,"castShadow":true,"receiveShadow":false}},{"uuid":"c3f6502f-1390-4059-a6a6-354ac356b4c0","type":"Geometry","data":{"vertices":[610.8002,0.0,222.31309,650.0,0.0,0.0],"normals":[],"uvs":[],"faces":[],"scale":1,"visible":true,"castShadow":true,"receiveShadow":false}},{"uuid":"a25118f3-7e59-4809-aadc-b9dac42faafa","type":"Geometry","data":{"vertices":[650.0,0.0,0.0,610.8002,0.0,-222.31309],"normals":[],"uvs":[],"faces":[],"scale":1,"visible":true,"castShadow":true,"receiveShadow":false}},{"uuid":"3a8bb500-84c7-47cd-a7e8-db3ca8369494","type":"Geometry","data":{"vertices":[610.8002,0.0,-222.31309,497.92889,0.0,-417.81195],"normals":[],"uvs":[],"faces":[],"scale":1,"visible":true,"castShadow":true,"receiveShadow":false}},{"uuid":"eb5cc239-c61f-4bea-a292-8f5fcec3dcc8","type":"Geometry","data":{"vertices":[497.92889,0.0,-417.81195,325.0,0.0,-562.91651],"normals":[],"uvs":[],"faces":[],"scale":1,"visible":true,"castShadow":true,"receiveShadow":false}},{"uuid":"882e2631-1afd-4e16-ac7d-f20211c8eea1","type":"Geometry","data":{"vertices":[325.0,0.0,-562.91651,112.87132,0.0,-640.12504],"normals":[],"uvs":[],"faces":[],"scale":1,"visible":true,"castShadow":true,"receiveShadow":false}},{"uuid":"e745355f-a436-491e-a63b-fccccb85f4f8","type":"Geometry","data":{"vertices":[112.87132,0.0,-640.12504,-112.87132,0.0,-640.12504],"normals":[],"uvs":[],"faces":[],"scale":1,"visible":true,"castShadow":true,"receiveShadow":false}},{"uuid":"eff3423d-baa9-4211-a1a9-b28815b44982","type":"Geometry","data":{"vertices":[-112.87132,0.0,-640.12504,-325.0,0.0,-562.91651],"normals":[],"uvs":[],"faces":[],"scale":1,"visible":true,"castShadow":true,"receiveShadow":false}},{"uuid":"c9b06cb6-042a-40d4-8ae6-5f3881e96f6e","type":"Geometry","data":{"vertices":[-325.0,0.0,-562.91651,-497.92889,0.0,-417.81195],"normals":[],"uvs":[],"faces":[],"scale":1,"visible":true,"castShadow":true,"receiveShadow":false}},{"uuid":"fd785919-d993-4432-b36a-5f7f9d935a99","type":"Geometry","data":{"vertices":[-497.92889,0.0,-417.81195,-610.8002,0.0,-222.31309],"normals":[],"uvs":[],"faces":[],"scale":1,"visible":true,"castShadow":true,"receiveShadow":false}},{"uuid":"f621453a-2302-4466-8548-e4d3dde6b9a4","type":"Geometry","data":{"vertices":[-610.8002,0.0,-222.31309,-650.0,0.0,0.0],"normals":[],"uvs":[],"faces":[],"scale":1,"visible":true,"castShadow":true,"receiveShadow":false}},{"uuid":"26242d92-0d65-411e-949b-85950605cbc3","type":"Geometry","data":{"vertices":[0.0,0.0,500.0,0.0,0.0,750.0],"normals":[],"uvs":[],"faces":[],"scale":1,"visible":true,"castShadow":true,"receiveShadow":false}},{"uuid":"13b07dbf-b5fb-4aac-a50e-9df6eff85a98","type":"Geometry","data":{"vertices":[-500.0,0.0,0.0,-750.0,0.0,0.0],"normals":[],"uvs":[],"faces":[],"scale":1,"visible":true,"castShadow":true,"receiveShadow":false}},{"uuid":"b5ea81fd-6e84-4acb-b159-b791e9ac10ba","type":"Geometry","data":{"vertices":[0.0,0.0,-500.0,0.0,0.0,-750.0],"normals":[],"uvs":[],"faces":[],"scale":1,"visible":true,"castShadow":true,"receiveShadow":false}},{"uuid":"3353cb30-a0ef-4d80-91e7-2d20e612b8f2","type":"Geometry","data":{"vertices":[500.0,0.0,0.0,750.0,0.0,0.0],"normals":[],"uvs":[],"faces":[],"scale":1,"visible":true,"castShadow":true,"receiveShadow":false}}],"materials":[{"uuid":"03da3438-315c-4c3d-89b6-6a9a1918dec0","type":"MeshLambertMaterial","color":"0xFFCB3B","ambient":"0xFFCB3B","emissive":"0x000000","side":2,"opacity":1.0,"transparent":true,"shading":1,"vertexColors":0},{"uuid":"8845505a-f941-41b5-af5b-867b65e48ff8","type":"MeshLambertMaterial","color":"0xFFFFC7","ambient":"0xFFFFC7","emissive":"0x000000","side":2,"opacity":0.4,"transparent":true,"shading":1,"vertexColors":0},{"uuid":"c33e9252-3d52-4ba1-a8b9-d59a89baac86","type":"MeshLambertMaterial","color":"0x2A56F5","ambient":"0x2A56F5","emissive":"0x000000","side":2,"opacity":0.8,"transparent":true,"shading":1,"vertexColors":0},{"uuid":"675b627c-e957-449f-adb9-48869beded55","type":"LineBasicMaterial","color":"0x000000","linewidth":1.0,"opacity":1.0}],"object":{"uuid":"d73ef8b4-28fa-402c-b104-1a43a04d3d4a","type":"Scene","matrix":[1,0,0,0,0,1,0,0,0,0,1,0,0,0,0,1],"children":[{"uuid":"f1e594b4-2df7-4565-9eaa-04aabe9218f9","name":"mesh0","type":"Mesh","geometry":"313f6eab-92fc-4338-b952-fdc6266b6bea","material":"03da3438-315c-4c3d-89b6-6a9a1918dec0","matrix":[1,0,0,0,0,1,0,0,0,0,1,0,0,0,0,1],"userData":{"Material":"Wall","layer":"Wall"}},{"uuid":"c3da58a4-356e-4a1c-a027-b191b8b0d45d","name":"mesh1","type":"Mesh","geometry":"fc2fa583-7f25-4c14-88dc-01753920d4fb","material":"8845505a-f941-41b5-af5b-867b65e48ff8","matrix":[1,0,0,0,0,1,0,0,0,0,1,0,0,0,0,1],"userData":{"Material":"Wall","layer":"Wall"}},{"uuid":"da0df309-184d-4f22-8172-9fe597558296","name":"mesh2","type":"Mesh","geometry":"4150791c-bee1-4594-aa82-c11527189a62","material":"8845505a-f941-41b5-af5b-867b65e48ff8","matrix":[1,0,0,0,0,1,0,0,0,0,1,0,0,0,0,1],"userData":{"Material":"Wall","layer":"Wall"}},{"uuid":"8582bf82-e5da-4f4c-bf9f-c35ce26fcda7","name":"mesh3","type":"Mesh","geometry":"810df803-afef-4ec5-aac9-759efa3e5e7c","material":"8845505a-f941-41b5-af5b-867b65e48ff8","matrix":[1,0,0,0,0,1,0,0,0,0,1,0,0,0,0,1],"userData":{"Material":"Wall","layer":"Wall"}},{"uuid":"8db7253a-b68c-4116-af36-549eaa134b0c","name":"mesh4","type":"Mesh","geometry":"54b2a199-0546-4b60-9c8a-5dd5e8abe72f","material":"c33e9252-3d52-4ba1-a8b9-d59a89baac86","matrix":[1,0,0,0,0,1,0,0,0,0,1,0,0,0,0,1],"userData":{"Material":"Wall","layer":"Window"}},{"uuid":"41be1b3b-8f0e-4c43-880e-aeb47ae08bbe","name":"line 5","type":"Line","geometry":"3634cff5-0a17-4abf-ad2a-11e7d3769004","material":"675b627c-e957-449f-adb9-48869beded55","matrix":[1,0,0,0,0,1,0,0,0,0,1,0,0,0,0,1],"userData":{"layer":"Default"}},{"uuid":"cae5683b-369a-4e11-88e9-8680c16bd2c5","name":"line 6","type":"Line","geometry":"63b94171-13b4-40b3-9e57-3780730ebd2c","material":"675b627c-e957-449f-adb9-48869beded55","matrix":[1,0,0,0,0,1,0,0,0,0,1,0,0,0,0,1],"userData":{"layer":"Default"}},{"uuid":"120a658c-05b9-4919-8006-245a05a84c21","name":"line 7","type":"Line","geometry":"a9af835a-6c96-4b73-97f8-ca0301083dd5","material":"675b627c-e957-449f-adb9-48869beded55","matrix":[1,0,0,0,0,1,0,0,0,0,1,0,0,0,0,1],"userData":{"layer":"Default"}},{"uuid":"aa0debd4-fe1e-456e-9160-6437301b9ac1","name":"line 8","type":"Line","geometry":"bd0d70b9-cfa0-404f-8c78-b7370b47697a","material":"675b627c-e957-449f-adb9-48869beded55","matrix":[1,0,0,0,0,1,0,0,0,0,1,0,0,0,0,1],"userData":{"layer":"Default"}},{"uuid":"1c231913-a8d1-464d-8868-efb072a68464","name":"line 9","type":"Line","geometry":"511afaae-eb46-4419-879d-0d91d0fedb4e","material":"675b627c-e957-449f-adb9-48869beded55","matrix":[1,0,0,0,0,1,0,0,0,0,1,0,0,0,0,1],"userData":{"layer":"Default"}},{"uuid":"0e83a223-ec36-4932-8614-97e4ea38a2d0","name":"line 10","type":"Line","geometry":"339126a5-db01-4f42-919e-e5c434c2d4c4","material":"675b627c-e957-449f-adb9-48869beded55","matrix":[1,0,0,0,0,1,0,0,0,0,1,0,0,0,0,1],"userData":{"layer":"Default"}},{"uuid":"a436154a-32d7-44fa-bd88-087c8674466a","name":"line 11","type":"Line","geometry":"799d6eab-255d-4e12-bae0-7c742f266609","material":"675b627c-e957-449f-adb9-48869beded55","matrix":[1,0,0,0,0,1,0,0,0,0,1,0,0,0,0,1],"userData":{"layer":"Default"}},{"uuid":"4da413e6-1cdf-4583-93c1-e874b7592b2a","name":"line 12","type":"Line","geometry":"aabc6a63-095b-4cec-843f-b0c310777f15","material":"675b627c-e957-449f-adb9-48869beded55","matrix":[1,0,0,0,0,1,0,0,0,0,1,0,0,0,0,1],"userData":{"layer":"Default"}},{"uuid":"d83ffb31-5d71-4514-99d1-8dc9a64a2a55","name":"line 13","type":"Line","geometry":"7f2be711-b955-497e-a869-d7c045219def","material":"675b627c-e957-449f-adb9-48869beded55","matrix":[1,0,0,0,0,1,0,0,0,0,1,0,0,0,0,1],"userData":{"layer":"Default"}},{"uuid":"3ffe5688-5a87-4b98-99c7-68a3feed5531","name":"line 14","type":"Line","geometry":"c3f6502f-1390-4059-a6a6-354ac356b4c0","material":"675b627c-e957-449f-adb9-48869beded55","matrix":[1,0,0,0,0,1,0,0,0,0,1,0,0,0,0,1],"userData":{"layer":"Default"}},{"uuid":"3001a301-134d-465b-ba51-5a48f8f0fd73","name":"line 15","type":"Line","geometry":"a25118f3-7e59-4809-aadc-b9dac42faafa","material":"675b627c-e957-449f-adb9-48869beded55","matrix":[1,0,0,0,0,1,0,0,0,0,1,0,0,0,0,1],"userData":{"layer":"Default"}},{"uuid":"e8b7bbc8-df57-4bb0-84bf-195f1da20628","name":"line 16","type":"Line","geometry":"3a8bb500-84c7-47cd-a7e8-db3ca8369494","material":"675b627c-e957-449f-adb9-48869beded55","matrix":[1,0,0,0,0,1,0,0,0,0,1,0,0,0,0,1],"userData":{"layer":"Default"}},{"uuid":"9b602d89-832f-4e3c-874f-887f08934015","name":"line 17","type":"Line","geometry":"eb5cc239-c61f-4bea-a292-8f5fcec3dcc8","material":"675b627c-e957-449f-adb9-48869beded55","matrix":[1,0,0,0,0,1,0,0,0,0,1,0,0,0,0,1],"userData":{"layer":"Default"}},{"uuid":"932b4d48-85f6-4d6d-843b-c1ea58a29374","name":"line 18","type":"Line","geometry":"882e2631-1afd-4e16-ac7d-f20211c8eea1","material":"675b627c-e957-449f-adb9-48869beded55","matrix":[1,0,0,0,0,1,0,0,0,0,1,0,0,0,0,1],"userData":{"layer":"Default"}},{"uuid":"4f750ace-1427-42d0-83a8-ca907a351463","name":"line 19","type":"Line","geometry":"e745355f-a436-491e-a63b-fccccb85f4f8","material":"675b627c-e957-449f-adb9-48869beded55","matrix":[1,0,0,0,0,1,0,0,0,0,1,0,0,0,0,1],"userData":{"layer":"Default"}},{"uuid":"513885c8-c0b9-46a2-b969-46018dca8f6b","name":"line 20","type":"Line","geometry":"eff3423d-baa9-4211-a1a9-b28815b44982","material":"675b627c-e957-449f-adb9-48869beded55","matrix":[1,0,0,0,0,1,0,0,0,0,1,0,0,0,0,1],"userData":{"layer":"Default"}},{"uuid":"9b811cbb-0944-4122-94ca-de0df8afdcae","name":"line 21","type":"Line","geometry":"c9b06cb6-042a-40d4-8ae6-5f3881e96f6e","material":"675b627c-e957-449f-adb9-48869beded55","matrix":[1,0,0,0,0,1,0,0,0,0,1,0,0,0,0,1],"userData":{"layer":"Default"}},{"uuid":"0e17f1d7-6cfe-4247-9bd9-af31b43b912a","name":"line 22","type":"Line","geometry":"fd785919-d993-4432-b36a-5f7f9d935a99","material":"675b627c-e957-449f-adb9-48869beded55","matrix":[1,0,0,0,0,1,0,0,0,0,1,0,0,0,0,1],"userData":{"layer":"Default"}},{"uuid":"73781f6a-2aec-4db9-b307-40eb6f33ed4b","name":"line 23","type":"Line","geometry":"f621453a-2302-4466-8548-e4d3dde6b9a4","material":"675b627c-e957-449f-adb9-48869beded55","matrix":[1,0,0,0,0,1,0,0,0,0,1,0,0,0,0,1],"userData":{"layer":"Default"}},{"uuid":"97a91aba-6572-4dbf-b561-28d2ad4f4bb3","name":"line 24","type":"Line","geometry":"26242d92-0d65-411e-949b-85950605cbc3","material":"675b627c-e957-449f-adb9-48869beded55","matrix":[1,0,0,0,0,1,0,0,0,0,1,0,0,0,0,1],"userData":{"layer":"Default"}},{"uuid":"98354583-70b7-4e35-a978-e76d2f89f002","name":"line 25","type":"Line","geometry":"13b07dbf-b5fb-4aac-a50e-9df6eff85a98","material":"675b627c-e957-449f-adb9-48869beded55","matrix":[1,0,0,0,0,1,0,0,0,0,1,0,0,0,0,1],"userData":{"layer":"Default"}},{"uuid":"22d98259-bf7a-42d4-9560-30ef6e762421","name":"line 26","type":"Line","geometry":"b5ea81fd-6e84-4acb-b159-b791e9ac10ba","material":"675b627c-e957-449f-adb9-48869beded55","matrix":[1,0,0,0,0,1,0,0,0,0,1,0,0,0,0,1],"userData":{"layer":"Default"}},{"uuid":"c017b27e-fe2f-4889-9ce3-28b6163061d9","name":"line 27","type":"Line","geometry":"3353cb30-a0ef-4d80-91e7-2d20e612b8f2","material":"675b627c-e957-449f-adb9-48869beded55","matrix":[1,0,0,0,0,1,0,0,0,0,1,0,0,0,0,1],"userData":{"layer":"Default"}}],"userData":{"views":[],"layers":[{"name":"Wall"},{"name":"Window"},{"name":"Default"}]}}}