{"metadata":{"version":4.3,"type":"Object","generator":"Spectacles_Grasshopper_Exporter"},"geometries":[{"uuid":"e12f5b5d-892e-4aa2-97c1-46a655d54926","type":"Geometry","data":{"vertices":[-4947.36621,3000.0,3441.39478,-4947.36621,0.0,3441.39478,-2295.71558,0.0,6093.04541,-2295.71558,3000.0,6093.04541,-4873.49805,2563.60474,3515.2627,-4873.49805,863.60474,3515.2627,-2752.17773,863.60474,5636.58301,-2752.17773,2563.60474,5636.58301],"faces":[0,3,7,6,0,4,7,3,0,2,3,6,0,4,3,0,0,1,2,6,0,5,4,0,0,1,6,5,0,5,0,1],"normals":[],"uvs":[],"scale":1,"visible":true,"castShadow":true,"receiveShadow":false,"doubleSided":true,"colors":["0xE6B43C","0xE6B43C","0xE6B43C","0xE6B43C","0xE6B43C","0xE6B43C","0xE6B43C","0xE6B43C"]}},{"uuid":"fd667fe8-1939-4aec-a646-6f763df8885f","type":"Geometry","data":{"vertices":[462.00089,3000.0,860.45508,462.00089,0.0,860.45508,-846.14667,0.0,2168.60254,-846.14667,3000.0,2168.60254,-846.14667,3000.0,2168.60254,-846.14667,0.0,2168.60254,-2260.36011,0.0,754.3891,-2260.36011,3000.0,754.3891,-2260.36011,3000.0,754.3891,-2260.36011,0.0,754.3891,-4947.36621,0.0,3441.39478,-4947.36621,3000.0,3441.39478,-2295.71558,3000.0,6093.04541,-2295.71558,0.0,6093.04541,1699.43774,0.0,2097.89209,1699.43774,3000.0,2097.89209,1699.43774,3000.0,2097.89209,1699.43774,0.0,2097.89209,462.00089,0.0,860.45508,462.00089,3000.0,860.45508],"faces":[0,0,1,2,0,0,2,3,0,4,5,6,0,4,6,7,0,8,9,10,0,8,10,11,0,12,13,14,0,12,14,15,0,16,17,18,0,16,18,19],"normals":[],"uvs":[],"scale":1,"visible":true,"castShadow":true,"receiveShadow":false,"doubleSided":true,"colors":["0xE6D796","0xE6D796","0xE6D796","0xE6D796","0xE6D796","0xE6D796","0xE6D796","0xE6D796","0xE6D796","0xE6D796","0xE6D796","0xE6D796","0xE6D796","0xE6D796","0xE6D796","0xE6D796","0xE6D796","0xE6D796","0xE6D796","0xE6D796"]}},{"uuid":"947962db-af3f-4c1f-9940-9a7afc2ea256","type":"Geometry","data":{"vertices":[-2295.71558,3000.0,6093.04541,1699.43774,3000.0,2097.89209,462.00089,3000.0,860.45508,-846.14667,3000.0,2168.60254,-2260.36011,3000.0,754.3891,-4947.36621,3000.0,3441.39478],"faces":[0,4,5,0,0,0,1,2,0,3,4,0,0,0,2,3],"normals":[],"uvs":[],"scale":1,"visible":true,"castShadow":true,"receiveShadow":false,"doubleSided":true,"colors":["0xFF8080","0xFF8080","0xFF8080","0xFF8080","0xFF8080","0xFF8080"]}},{"uuid":"fced6fd4-5ea1-48e7-8c12-39be46e0be59","type":"Geometry","data":{"vertices":[-2295.71558,0.0,6093.04541,-4947.36621,0.0,3441.39478,-2260.36011,0.0,754.3891,-846.14667,0.0,2168.60254,462.00089,0.0,860.45508,1699.43774,0.0,2097.89209],"faces":[0,4,5,0,0,0,1,2,0,3,4,0,0,0,2,3],"normals":[],"uvs":[],"scale":1,"visible":true,"castShadow":true,"receiveShadow":false,"doubleSided":true,"colors":["0xFF8080","0xFF8080","0xFF8080","0xFF8080","0xFF8080","0xFF8080"]}},{"uuid":"41287971-625e-450e-b75b-8c95658ccf22","type":"Geometry","data":{"vertices":[-4873.49805,2563.60474,3515.2627,-4873.49805,863.60474,3515.2627,-2752.17773,863.60474,5636.58301,-2752.17773,2563.60474,5636.58301],"faces":[0,0,1,2,0,0,2,3],"normals":[],"uvs":[],"scale":1,"visible":true,"castShadow":true,"receiveShadow":false,"doubleSided":true,"colors":["0x40B4FF","0x40B4FF","0x40B4FF","0x40B4FF"]}},{"uuid":"bc14c834-abcd-46fa-bbc5-bb03936ec4bf","type":"Geometry","data":{"vertices":[0.0,0.0,0.0,0.0,0.0,750.0],"normals":[],"uvs":[],"faces":[],"scale":1,"visible":true,"castShadow":true,"receiveShadow":false}},{"uuid":"bb24d784-66bd-4d90-9239-c15f9400d638","type":"Geometry","data":{"vertices":[-650.0,0.0,0.0,-610.8002,0.0,222.31309],"normals":[],"uvs":[],"faces":[],"scale":1,"visible":true,"castShadow":true,"receiveShadow":false}},{"uuid":"6d775082-8d78-403f-9f34-d1308afb3ed4","type":"Geometry","data":{"vertices":[-610.8002,0.0,222.31309,-497.92889,0.0,417.81195],"normals":[],"uvs":[],"faces":[],"scale":1,"visible":true,"castShadow":true,"receiveShadow":false}},{"uuid":"91bd2ef0-3325-408a-be3d-7af024f30d39","type":"Geometry","data":{"vertices":[-497.92889,0.0,417.81195,-325.0,0.0,562.91651],"normals":[],"uvs":[],"faces":[],"scale":1,"visible":true,"castShadow":true,"receiveShadow":false}},{"uuid":"013239e3-1d74-4fd0-9cc2-b92c88230534","type":"Geometry","data":{"vertices":[-325.0,0.0,562.91651,-112.87132,0.0,640.12504],"normals":[],"uvs":[],"faces":[],"scale":1,"visible":true,"castShadow":true,"receiveShadow":false}},{"uuid":"fde95bd3-75f4-460d-bd7b-c5ae79a07172","type":"Geometry","data":{"vertices":[-112.87132,0.0,640.12504,112.87132,0.0,640.12504],"normals":[],"uvs":[],"faces":[],"scale":1,"visible":true,"castShadow":true,"receiveShadow":false}},{"uuid":"0ffea67e-7ecf-4e2d-919d-4e8c2d48bd81","type":"Geometry","data":{"vertices":[112.87132,0.0,640.12504,325.0,0.0,562.91651],"normals":[],"uvs":[],"faces":[],"scale":1,"visible":true,"castShadow":true,"receiveShadow":false}},{"uuid":"901aba9f-3169-4e46-a390-cd39ffee7bed","type":"Geometry","data":{"vertices":[325.0,0.0,562.91651,497.92889,0.0,417.81195],"normals":[],"uvs":[],"faces":[],"scale":1,"visible":true,"castShadow":true,"receiveShadow":false}},{"uuid":"e5ff80fc-1e86-4d78-845f-24cf38d7467e","type":"Geometry","data":{"vertices":[497.92889,0.0,417.81195,610.8002,0.0,222.31309],"normals":[],"uvs":[],"faces":[],"scale":1,"visible":true,"castShadow":true,"receiveShadow":false}},{"uuid":"0a032db8-64e4-4de0-8155-eba3c39cafed","type":"Geometry","data":{"vertices":[610.8002,0.0,222.31309,650.0,0.0,0.0],"normals":[],"uvs":[],"faces":[],"scale":1,"visible":true,"castShadow":true,"receiveShadow":false}},{"uuid":"af9b6cca-a1f2-4009-947a-22ee63c6a61a","type":"Geometry","data":{"vertices":[650.0,0.0,0.0,610.8002,0.0,-222.31309],"normals":[],"uvs":[],"faces":[],"scale":1,"visible":true,"castShadow":true,"receiveShadow":false}},{"uuid":"58389295-168c-453a-9b20-105aa4839ed5","type":"Geometry","data":{"vertices":[610.8002,0.0,-222.31309,497.92889,0.0,-417.81195],"normals":[],"uvs":[],"faces":[],"scale":1,"visible":true,"castShadow":true,"receiveShadow":false}},{"uuid":"e2fccd8f-5250-45d3-844e-7ac44ecd9c3b","type":"Geometry","data":{"vertices":[497.92889,0.0,-417.81195,325.0,0.0,-562.91651],"normals":[],"uvs":[],"faces":[],"scale":1,"visible":true,"castShadow":true,"receiveShadow":false}},{"uuid":"4b22cdbd-aae0-4e20-8325-5dabb4285368","type":"Geometry","data":{"vertices":[325.0,0.0,-562.91651,112.87132,0.0,-640.12504],"normals":[],"uvs":[],"faces":[],"scale":1,"visible":true,"castShadow":true,"receiveShadow":false}},{"uuid":"02bd36e6-cc84-4652-b334-1cb140f509eb","type":"Geometry","data":{"vertices":[112.87132,0.0,-640.12504,-112.87132,0.0,-640.12504],"normals":[],"uvs":[],"faces":[],"scale":1,"visible":true,"castShadow":true,"receiveShadow":false}},{"uuid":"35e0572b-562d-4051-8e46-8e41c67edbf6","type":"Geometry","data":{"vertices":[-112.87132,0.0,-640.12504,-325.0,0.0,-562.91651],"normals":[],"uvs":[],"faces":[],"scale":1,"visible":true,"castShadow":true,"receiveShadow":false}},{"uuid":"ebeccdbf-e95a-43e9-b666-98a9d006b6ec","type":"Geometry","data":{"vertices":[-325.0,0.0,-562.91651,-497.92889,0.0,-417.81195],"normals":[],"uvs":[],"faces":[],"scale":1,"visible":true,"castShadow":true,"receiveShadow":false}},{"uuid":"752ac893-fd6b-4d4d-9a88-204fd5a3fdfa","type":"Geometry","data":{"vertices":[-497.92889,0.0,-417.81195,-610.8002,0.0,-222.31309],"normals":[],"uvs":[],"faces":[],"scale":1,"visible":true,"castShadow":true,"receiveShadow":false}},{"uuid":"00e69648-e627-49ab-8ef2-edeefca38357","type":"Geometry","data":{"vertices":[-610.8002,0.0,-222.31309,-650.0,0.0,0.0],"normals":[],"uvs":[],"faces":[],"scale":1,"visible":true,"castShadow":true,"receiveShadow":false}},{"uuid":"98e8d0e4-2368-4ff0-a56d-47beaa064b59","type":"Geometry","data":{"vertices":[0.0,0.0,500.0,0.0,0.0,750.0],"normals":[],"uvs":[],"faces":[],"scale":1,"visible":true,"castShadow":true,"receiveShadow":false}},{"uuid":"0eae8be8-a0cd-4e74-b1a9-f0707802b64e","type":"Geometry","data":{"vertices":[-500.0,0.0,0.0,-750.0,0.0,0.0],"normals":[],"uvs":[],"faces":[],"scale":1,"visible":true,"castShadow":true,"receiveShadow":false}},{"uuid":"5c66b5c5-7319-48d6-9283-0cc550b15db3","type":"Geometry","data":{"vertices":[0.0,0.0,-500.0,0.0,0.0,-750.0],"normals":[],"uvs":[],"faces":[],"scale":1,"visible":true,"castShadow":true,"receiveShadow":false}},{"uuid":"74612eee-8c1b-4542-b19d-a7b55722f985","type":"Geometry","data":{"vertices":[500.0,0.0,0.0,750.0,0.0,0.0],"normals":[],"uvs":[],"faces":[],"scale":1,"visible":true,"castShadow":true,"receiveShadow":false}}],"materials":[{"uuid":"03da3438-315c-4c3d-89b6-6a9a1918dec0","type":"MeshLambertMaterial","color":"0xFFCB3B","ambient":"0xFFCB3B","emissive":"0x000000","side":2,"opacity":1.0,"transparent":true,"shading":1,"vertexColors":0},{"uuid":"8845505a-f941-41b5-af5b-867b65e48ff8","type":"MeshLambertMaterial","color":"0xFFFFC7","ambient":"0xFFFFC7","emissive":"0x000000","side":2,"opacity":0.4,"transparent":true,"shading":1,"vertexColors":0},{"uuid":"c33e9252-3d52-4ba1-a8b9-d59a89baac86","type":"MeshLambertMaterial","color":"0x2A56F5","ambient":"0x2A56F5","emissive":"0x000000","side":2,"opacity":0.8,"transparent":true,"shading":1,"vertexColors":0},{"uuid":"359c79c7-74b7-49c9-9e7a-f07db9194024","type":"LineBasicMaterial","color":"0x000000","linewidth":1.0,"opacity":1.0}],"object":{"uuid":"11145652-d84e-42ce-b09d-702931ac3326","type":"Scene","matrix":[1,0,0,0,0,1,0,0,0,0,1,0,0,0,0,1],"children":[{"uuid":"8332e2a8-dde7-4c7c-95cb-e4304d96f38a","name":"mesh0","type":"Mesh","geometry":"e12f5b5d-892e-4aa2-97c1-46a655d54926","material":"03da3438-315c-4c3d-89b6-6a9a1918dec0","matrix":[1,0,0,0,0,1,0,0,0,0,1,0,0,0,0,1],"userData":{"Material":"Wall","layer":"Wall"}},{"uuid":"3fd6c86c-c116-4723-a59a-2ec572fb81da","name":"mesh1","type":"Mesh","geometry":"fd667fe8-1939-4aec-a646-6f763df8885f","material":"8845505a-f941-41b5-af5b-867b65e48ff8","matrix":[1,0,0,0,0,1,0,0,0,0,1,0,0,0,0,1],"userData":{"Material":"Wall","layer":"Wall"}},{"uuid":"3d279189-4809-42bf-91a3-941d4e916b91","name":"mesh2","type":"Mesh","geometry":"947962db-af3f-4c1f-9940-9a7afc2ea256","material":"8845505a-f941-41b5-af5b-867b65e48ff8","matrix":[1,0,0,0,0,1,0,0,0,0,1,0,0,0,0,1],"userData":{"Material":"Wall","layer":"Wall"}},{"uuid":"4dd53c66-4a1e-468a-abca-fb4503e48dfd","name":"mesh3","type":"Mesh","geometry":"fced6fd4-5ea1-48e7-8c12-39be46e0be59","material":"8845505a-f941-41b5-af5b-867b65e48ff8","matrix":[1,0,0,0,0,1,0,0,0,0,1,0,0,0,0,1],"userData":{"Material":"Wall","layer":"Wall"}},{"uuid":"5fc1b9ff-ad72-49e9-8f1e-32135a40e498","name":"mesh4","type":"Mesh","geometry":"41287971-625e-450e-b75b-8c95658ccf22","material":"c33e9252-3d52-4ba1-a8b9-d59a89baac86","matrix":[1,0,0,0,0,1,0,0,0,0,1,0,0,0,0,1],"userData":{"Material":"Wall","layer":"Window"}},{"uuid":"812dca02-9296-4430-aef9-51d3e5b2afe8","name":"line 5","type":"Line","geometry":"bc14c834-abcd-46fa-bbc5-bb03936ec4bf","material":"359c79c7-74b7-49c9-9e7a-f07db9194024","matrix":[1,0,0,0,0,1,0,0,0,0,1,0,0,0,0,1],"userData":{"layer":"Default"}},{"uuid":"6fff9da6-ce23-4b3b-bb6c-b30ea6a4fd50","name":"line 6","type":"Line","geometry":"bb24d784-66bd-4d90-9239-c15f9400d638","material":"359c79c7-74b7-49c9-9e7a-f07db9194024","matrix":[1,0,0,0,0,1,0,0,0,0,1,0,0,0,0,1],"userData":{"layer":"Default"}},{"uuid":"dcbb4b1f-66af-474c-838f-c0fe2986e50f","name":"line 7","type":"Line","geometry":"6d775082-8d78-403f-9f34-d1308afb3ed4","material":"359c79c7-74b7-49c9-9e7a-f07db9194024","matrix":[1,0,0,0,0,1,0,0,0,0,1,0,0,0,0,1],"userData":{"layer":"Default"}},{"uuid":"7257ee00-e76b-4b02-9755-69b08703d12d","name":"line 8","type":"Line","geometry":"91bd2ef0-3325-408a-be3d-7af024f30d39","material":"359c79c7-74b7-49c9-9e7a-f07db9194024","matrix":[1,0,0,0,0,1,0,0,0,0,1,0,0,0,0,1],"userData":{"layer":"Default"}},{"uuid":"ca59ac7f-9ccb-489c-acfe-8e6515471e68","name":"line 9","type":"Line","geometry":"013239e3-1d74-4fd0-9cc2-b92c88230534","material":"359c79c7-74b7-49c9-9e7a-f07db9194024","matrix":[1,0,0,0,0,1,0,0,0,0,1,0,0,0,0,1],"userData":{"layer":"Default"}},{"uuid":"acdf00a5-c65d-40d8-bc8f-2909b40cc378","name":"line 10","type":"Line","geometry":"fde95bd3-75f4-460d-bd7b-c5ae79a07172","material":"359c79c7-74b7-49c9-9e7a-f07db9194024","matrix":[1,0,0,0,0,1,0,0,0,0,1,0,0,0,0,1],"userData":{"layer":"Default"}},{"uuid":"97e54a8d-c461-4e86-8c44-d95b660e07f4","name":"line 11","type":"Line","geometry":"0ffea67e-7ecf-4e2d-919d-4e8c2d48bd81","material":"359c79c7-74b7-49c9-9e7a-f07db9194024","matrix":[1,0,0,0,0,1,0,0,0,0,1,0,0,0,0,1],"userData":{"layer":"Default"}},{"uuid":"1792227a-0e32-4f9f-a0e6-f4dcf14f4863","name":"line 12","type":"Line","geometry":"901aba9f-3169-4e46-a390-cd39ffee7bed","material":"359c79c7-74b7-49c9-9e7a-f07db9194024","matrix":[1,0,0,0,0,1,0,0,0,0,1,0,0,0,0,1],"userData":{"layer":"Default"}},{"uuid":"fe61697b-15fb-4a3c-a790-3bb8e52a90e9","name":"line 13","type":"Line","geometry":"e5ff80fc-1e86-4d78-845f-24cf38d7467e","material":"359c79c7-74b7-49c9-9e7a-f07db9194024","matrix":[1,0,0,0,0,1,0,0,0,0,1,0,0,0,0,1],"userData":{"layer":"Default"}},{"uuid":"b063b445-db14-4ec4-bd3b-b73f6fecf6f8","name":"line 14","type":"Line","geometry":"0a032db8-64e4-4de0-8155-eba3c39cafed","material":"359c79c7-74b7-49c9-9e7a-f07db9194024","matrix":[1,0,0,0,0,1,0,0,0,0,1,0,0,0,0,1],"userData":{"layer":"Default"}},{"uuid":"470209cf-91e1-4f8d-b229-172ff2f79a30","name":"line 15","type":"Line","geometry":"af9b6cca-a1f2-4009-947a-22ee63c6a61a","material":"359c79c7-74b7-49c9-9e7a-f07db9194024","matrix":[1,0,0,0,0,1,0,0,0,0,1,0,0,0,0,1],"userData":{"layer":"Default"}},{"uuid":"6a6eea43-af70-4931-8a48-70e8b57df197","name":"line 16","type":"Line","geometry":"58389295-168c-453a-9b20-105aa4839ed5","material":"359c79c7-74b7-49c9-9e7a-f07db9194024","matrix":[1,0,0,0,0,1,0,0,0,0,1,0,0,0,0,1],"userData":{"layer":"Default"}},{"uuid":"6d375f50-8044-4cf2-87a4-9c46ccc0c223","name":"line 17","type":"Line","geometry":"e2fccd8f-5250-45d3-844e-7ac44ecd9c3b","material":"359c79c7-74b7-49c9-9e7a-f07db9194024","matrix":[1,0,0,0,0,1,0,0,0,0,1,0,0,0,0,1],"userData":{"layer":"Default"}},{"uuid":"f58e7b56-944a-4780-80d9-87c13a3bc3dd","name":"line 18","type":"Line","geometry":"4b22cdbd-aae0-4e20-8325-5dabb4285368","material":"359c79c7-74b7-49c9-9e7a-f07db9194024","matrix":[1,0,0,0,0,1,0,0,0,0,1,0,0,0,0,1],"userData":{"layer":"Default"}},{"uuid":"78944d16-42cd-4486-b803-7c4c9f6af218","name":"line 19","type":"Line","geometry":"02bd36e6-cc84-4652-b334-1cb140f509eb","material":"359c79c7-74b7-49c9-9e7a-f07db9194024","matrix":[1,0,0,0,0,1,0,0,0,0,1,0,0,0,0,1],"userData":{"layer":"Default"}},{"uuid":"d031783d-1aeb-4e63-b862-80df636a9ed6","name":"line 20","type":"Line","geometry":"35e0572b-562d-4051-8e46-8e41c67edbf6","material":"359c79c7-74b7-49c9-9e7a-f07db9194024","matrix":[1,0,0,0,0,1,0,0,0,0,1,0,0,0,0,1],"userData":{"layer":"Default"}},{"uuid":"8bbef4ee-e28b-451f-8267-621218d793b4","name":"line 21","type":"Line","geometry":"ebeccdbf-e95a-43e9-b666-98a9d006b6ec","material":"359c79c7-74b7-49c9-9e7a-f07db9194024","matrix":[1,0,0,0,0,1,0,0,0,0,1,0,0,0,0,1],"userData":{"layer":"Default"}},{"uuid":"51131ec1-6a52-4ebc-8f10-be832b401e81","name":"line 22","type":"Line","geometry":"752ac893-fd6b-4d4d-9a88-204fd5a3fdfa","material":"359c79c7-74b7-49c9-9e7a-f07db9194024","matrix":[1,0,0,0,0,1,0,0,0,0,1,0,0,0,0,1],"userData":{"layer":"Default"}},{"uuid":"913dbed3-9918-4df6-a6e4-7c49db10d572","name":"line 23","type":"Line","geometry":"00e69648-e627-49ab-8ef2-edeefca38357","material":"359c79c7-74b7-49c9-9e7a-f07db9194024","matrix":[1,0,0,0,0,1,0,0,0,0,1,0,0,0,0,1],"userData":{"layer":"Default"}},{"uuid":"cf7b27f6-31b0-4d78-b1d6-3392bf26f06f","name":"line 24","type":"Line","geometry":"98e8d0e4-2368-4ff0-a56d-47beaa064b59","material":"359c79c7-74b7-49c9-9e7a-f07db9194024","matrix":[1,0,0,0,0,1,0,0,0,0,1,0,0,0,0,1],"userData":{"layer":"Default"}},{"uuid":"d2678e79-515b-4167-a92e-b926806e2d75","name":"line 25","type":"Line","geometry":"0eae8be8-a0cd-4e74-b1a9-f0707802b64e","material":"359c79c7-74b7-49c9-9e7a-f07db9194024","matrix":[1,0,0,0,0,1,0,0,0,0,1,0,0,0,0,1],"userData":{"layer":"Default"}},{"uuid":"51b9af87-736c-431e-8769-f170308308da","name":"line 26","type":"Line","geometry":"5c66b5c5-7319-48d6-9283-0cc550b15db3","material":"359c79c7-74b7-49c9-9e7a-f07db9194024","matrix":[1,0,0,0,0,1,0,0,0,0,1,0,0,0,0,1],"userData":{"layer":"Default"}},{"uuid":"54fef27c-8bd4-462b-8a23-c7bebaa52bba","name":"line 27","type":"Line","geometry":"74612eee-8c1b-4542-b19d-a7b55722f985","material":"359c79c7-74b7-49c9-9e7a-f07db9194024","matrix":[1,0,0,0,0,1,0,0,0,0,1,0,0,0,0,1],"userData":{"layer":"Default"}}],"userData":{"views":[],"layers":[{"name":"Wall"},{"name":"Window"},{"name":"Default"}]}}}